a000001.2.txt,,
a000001.3.txt,,
a000001.sp41.txt,,
a000001.spfit.2.txt,,
a000002.2.txt,,
a000002.3.txt,,
a000002.sp89.txt,,
a000002.spfit.2.txt,,
a000003.1.txt,,
a000003.2.txt,,
a000003.3.txt,,
a000003.sp96.txt,,
a000003.spfit.2.txt,,
a000004.1.txt,,
a000004.2.txt,,
a000004.3.txt,,
a000004.sp86.txt,,
a000004.spfit.2.txt,,
a000005.2.txt,,
a000005.3.txt,,
a000005.sp28.txt,,
a000005.spfit.2.txt,,
a000006.1.txt,,
a000006.2.txt,,
a000006.3.txt,,
a000006.sp67.txt,,
a000006.sp68.txt,,
a000006.spfit.2.txt,,
a000007.1.txt,,
a000007.2.txt,,
a000007.3.txt,,
a000007.sp28.txt,,
a000007.spfit.2.txt,,
a000008.1.txt,,
a000009.3.txt,,
a000009.sp75.txt,,
a000010.1.txt,,
a000010.2.txt,,
a000010.3.txt,,
a000010.4.txt,,
a000010.sp111.txt,,
a000010.sp28.txt,,
a000010.spfit.2.txt,,
a000011.2.txt,,
a000011.3.txt,,
a000011.sp47.txt,,
a000011.spfit.2.txt,,
a000012.2.txt,,
a000012.3.txt,,
a000012.spfit.2.txt,,
a000013.2.txt,,
a000013.3.txt,,
a000013.sp41.txt,,
a000013.spfit.2.txt,,
a000014.1.txt,,
a000014.2.txt,,
a000014.3.txt,,
a000014.as68.txt,,
a000014.sp25.txt,,
a000014.spfit.2.txt,,
a000015.2.txt,,
a000015.3.txt,,
a000015.sp28.txt,,
a000015.spfit.2.txt,,
a000016.2.txt,,
a000016.3.txt,,
a000016.sp58.txt,,
a000016.spfit.2.txt,,
a000017.2.txt,,
a000017.sp96.txt,,
a000017.spfit.2.txt,,
a000018.1.txt,,
a000018.2.txt,,
a000018.3.txt,,
a000018.spfit.2.txt,,
a000019.2.txt,,
a000019.3.txt,,
a000019.sp48.txt,,
a000019.sp49.txt,,
a000019.spfit.2.txt,,
a000020.2.txt,,
a000020.3.txt,,
a000020.sp96.txt,,
a000020.spfit.2.txt,,
a000021.2.txt,,
a000021.3.txt,,
a000021.sp31.txt,,
a000021.sp61.txt,,
a000021.sp76.txt,,
a000021.spfit.2.txt,,
a000022.1.txt,,
a000022.2.txt,,
a000022.3.txt,,
a000022.sp55.txt,,
a000022.spfit.2.txt,,
a000023.2.txt,,
a000023.sp96.txt,,
a000023.spfit.2.txt,,
a000024.2.txt,,
a000024.sp45.txt,,
a000024.spfit.2.txt,,
a000025.1.txt,,
a000025.2.txt,,
a000025.3.txt,,
a000025.sp94.txt,,
a000025.spfit.2.txt,,
a000026.2.txt,,
a000026.3.txt,,
a000026.sp92.txt,,
a000026.spfit.2.txt,,
a000027.2.txt,,
a000027.sp31.txt,,
a000027.spfit.2.txt,,
a000028.1.txt,,
a000028.2.txt,,
a000028.3.txt,,
a000028.spfit.2.txt,,
a000029.1.txt,,
a000029.2.txt,,
a000029.3.txt,,
a000029.sp92.txt,,
a000029.spfit.2.txt,,
a000030.2.txt,,
a000030.sp92.txt,,
a000030.spfit.2.txt,,
a000031.2.txt,,
a000031.spfit.2.txt,,
a000032.1.txt,,
a000032.2.txt,,
a000032.3.txt,,
a000032.as67.txt,,
a000032.sp76.txt,,
a000032.spfit.2.txt,,
a000033.2.txt,,
a000033.3.txt,,
a000033.spfit.2.txt,,
a000034.2.txt,,
a000034.sp28.txt,,
a000034.spfit.2.txt,,
a000035.2.txt,,
a000035.spfit.2.txt,,
a000036.1.txt,,
a000036.sp97.txt,,
a000037.2.txt,,
a000037.3.txt,,
a000037.sp94.txt,,
a000037.spfit.2.txt,,
a000038.1.txt,,
a000038.2.txt,,
a000038.sp100.txt,,
a000038.spfit.2.txt,,
a000039.1.txt,,
a000039.2.txt,,
a000039.3.txt,,
a000039.sp92.txt,,
a000039.spfit.2.txt,,
a000040.2.txt,,
a000040.3.txt,,
a000040.sp32.txt,,
a000040.spfit.2.txt,,
a000041.2.txt,,
a000041.sp70.txt,,
a000041.sp84.txt,,
a000041.spfit.2.txt,,
a000042.1.txt,,
a000042.2.txt,,
a000042.3.txt,,
a000042.spfit.2.txt,,
a000043.1.txt,,
a000043.2.txt,,
a000043.3.txt,,
a000043.sp48.txt,,
a000043.spfit.2.txt,,
a000044.2.txt,,
a000044.3.txt,,
a000044.sp71.txt,,
a000044.spfit.2.txt,,
a000045.2.txt,,
a000045.sp79.txt,,
a000045.spfit.2.txt,,
a000046.2.txt,,
a000046.spfit.2.txt,,
a000047.2.txt,,
a000047.sp98.txt,,
a000047.spfit.2.txt,,
a000048.2.txt,,
a000048.sp45.txt,,
a000048.spfit.2.txt,,
a000049.2.txt,,
a000049.spfit.2.txt,,
a000050.2.txt,,
a000050.spfit.2.txt,,
a000051.2.txt,,
a000051.sp29.txt,,
a000051.spfit.2.txt,,
a000052.2.txt,,
a000052.sp52.txt,,
a000052.spfit.2.txt,,
a000053.1.txt,,
a000054.1.txt,,
a000054.2.txt,,
a000054.spfit.2.txt,,
a000055.1.txt,,
a000055.2.txt,,
a000055.sp48.txt,,
a000055.sp49.txt,,
a000055.spfit.2.txt,,
a000056.2.txt,,
a000056.sp31.txt,,
a000056.spfit.2.txt,,
a000057.2.txt,,
a000057.3.txt,,
a000057.sp92.txt,,
a000057.spfit.2.txt,,
a000058.2.txt,,
a000058.spfit.2.txt,,
a000059.2.txt,,
a000059.spfit.2.txt,,
a000060.2.txt,,
a000060.spfit.2.txt,,
a000061.1.txt,,
a000061.2.txt,,
a000061.sp94.txt,,
a000061.spfit.2.txt,,
a000062.2.txt,,
a000062.sp84.txt,,
a000062.spfit.2.txt,,
a000063.2.txt,,
a000063.3.txt,,
a000063.sp25.txt,,
a000063.spfit.2.txt,,
a000064.2.txt,,
a000064.3.txt,,
a000064.4.txt,,
a000064.spfit.2.txt,,
a000065.2.txt,,
a000065.3.txt,,
a000065.sp25.txt,,
a000065.spfit.2.txt,,
a000066.2.txt,,
a000066.sp46.txt,,
a000066.sp48.txt,,
a000066.spfit.2.txt,,
a000067.2.txt,,
a000067.sp111.txt,,
a000067.sp29.txt,,
a000067.spfit.2.txt,,
a000068.1.txt,,
a000068.3.txt,,
a000069.2.txt,,
a000069.as68.txt,,
a000069.sp111.txt,,
a000069.sp40.txt,,
a000069.spfit.2.txt,,
a000070.2.txt,,
a000070.spfit.2.txt,,
a000071.1.txt,,
a000071.2.txt,,
a000071.3.txt,,
a000071.spfit.2.txt,,
a000072.1.txt,,
a000073.1.txt,,
a000073.3.txt,,
a000073.sp26.txt,,
a000074.2.txt,,
a000074.spfit.2.txt,,
a000075.2.txt,,
a000075.spfit.2.txt,,
a000076.2.txt,,
a000076.3.txt,,
a000076.sp44.txt,,
a000076.spfit.2.txt,,
a000077.2.txt,,
a000077.sp55.txt,,
a000077.spfit.2.txt,,
a000078.2.txt,,
a000078.sp46.txt,,
a000078.spfit.2.txt,,
a000079.2.txt,,
a000079.sp75.txt,,
a000079.spfit.2.txt,,
a000080.2.txt,,
a000080.3.txt,,
a000080.spfit.2.txt,,
a000081.2.txt,,
a000081.sp98.txt,,
a000081.spfit.2.txt,,
a000082.1.txt,,
a000082.2.txt,,
a000082.3.txt,,
a000082.sp92.txt,,
a000082.spfit.2.txt,,
a000083.2.txt,,
a000083.spfit.2.txt,,
a000084.2.txt,,
a000084.spfit.2.txt,,
a000085.2.txt,,
a000085.spfit.2.txt,,
a000086.1.txt,,
a000087.2.txt,,
a000087.sp44.txt,,
a000087.spfit.2.txt,,
a000088.1.txt,,
a000088.2.txt,,
a000088.spfit.2.txt,,
a000089.2.txt,,
a000089.spfit.2.txt,,
a000090.2.txt,,
a000090.sp44.txt,,
a000090.spfit.2.txt,,
a000091.2.txt,,
a000091.spfit.2.txt,,
a000092.2.txt,,
a000092.3.txt,,
a000092.spfit.2.txt,,
a000093.2.txt,,
a000093.spfit.2.txt,,
a000094.2.txt,,
a000094.spfit.2.txt,,
a000095.2.txt,,
a000095.spfit.2.txt,,
a000096.2.txt,,
a000096.sp49.txt,,
a000096.spfit.2.txt,,
a000097.sp45.txt,,
a000098.2.txt,,
a000098.spfit.2.txt,,
a000099.2.txt,,
a000099.sp47.txt,,
a000099.spfit.2.txt,,
a000100.2.txt,,
a000100.spfit.2.txt,,
a000101.2.txt,,
a000101.sp57.txt,,
a000101.spfit.2.txt,,
a000102.2.txt,,
a000102.spfit.2.txt,,
a000103.2.txt,,
a000103.3.txt,,
a000103.sp92.txt,,
a000103.spfit.2.txt,,
a000104.2.txt,,
a000104.as68.txt,,
a000104.spfit.2.txt,,
a000105.2.txt,,
a000105.sp25.txt,,
a000105.spfit.2.txt,,
a000106.2.txt,,
a000106.3.txt,,
a000106.spfit.2.txt,,
a000107.2.txt,,
a000107.spfit.2.txt,,
a000108.2.txt,,
a000108.sp92.txt,,
a000108.spfit.2.txt,,
a000109.2.txt,,
a000109.spfit.2.txt,,
a000110.2.txt,,
a000110.sp64.txt,,
a000110.spfit.2.txt,,
a000111.1.txt,,
a000111.2.txt,,
a000111.sp31.txt,,
a000111.spfit.2.txt,,
a000112.2.txt,,
a000112.spfit.2.txt,,
a000113.2.txt,,
a000113.3.txt,,
a000113.sp87.txt,,
a000113.spfit.2.txt,,
a000114.2.txt,,
a000114.3.txt,,
a000114.sp52.txt,,
a000114.spfit.2.txt,,
a000115.2.txt,,
a000115.spfit.2.txt,,
a000116.1.txt,,
a000116.2.txt,,
a000116.spfit.2.txt,,
a000117.2.txt,,
a000117.spfit.2.txt,,
a000118.2.txt,,
a000118.sp102.txt,,
a000118.spfit.2.txt,,
a000119.2.txt,,
a000119.sp92.txt,,
a000119.spfit.2.txt,,
a000120.2.txt,,
a000120.spfit.2.txt,,
a000121.2.txt,,
a000121.sp99.txt,,
a000121.spfit.2.txt,,
a000122.2.txt,,
a000122.3.txt,,
a000122.spfit.2.txt,,
a000123.2.txt,,
a000123.spfit.2.txt,,
a000124.1.txt,,
a000124.2.txt,,
a000124.spfit.2.txt,,
a000125.2.txt,,
a000125.spfit.2.txt,,
a000126.1.txt,,
a000126.3.txt,,
a000127.2.txt,,
a000127.spfit.2.txt,,
a000128.1.txt,,
a000128.2.txt,,
a000128.spfit.2.txt,,
a000129.2.txt,,
a000129.spfit.2.txt,,
a000130.2.txt,,
a000130.3.txt,,
a000130.spfit.2.txt,,
a000131.1.txt,,
a000131.2.txt,,
a000131.sp53.txt,,
a000131.spfit.2.txt,,
a000132.2.txt,,
a000132.sp44.txt,,
a000132.spfit.2.txt,,
a000133.2.txt,,
a000133.spfit.2.txt,,
a000134.1.txt,,
a000134.2.txt,,
a000134.spfit.2.txt,,
a000135.2.txt,,
a000135.spfit.2.txt,,
a000136.2.txt,,
a000136.spfit.2.txt,,
a000137.1.txt,,
a000138.1.txt,,
a000139.2.txt,,
a000139.spfit.2.txt,,
a000140.2.txt,,
a000140.3.txt,,
a000140.spfit.2.txt,,
a000141.2.txt,,
a000141.sp91.txt,,
a000141.spfit.2.txt,,
a000142.2.txt,,
a000142.sp86.txt,,
a000142.spfit.2.txt,,
a000143.2.txt,,
a000143.4.txt,,
a000143.spfit.2.txt,,
a000144.2.txt,,
a000144.4.txt,,
a000144.spfit.2.txt,,
a000145.2.txt,,
a000145.4.txt,,
a000145.sp89.txt,,
a000145.spfit.2.txt,,
a000146.2.txt,,
a000146.spfit.2.txt,,
a000147.2.txt,,
a000147.as67.txt,,
a000147.spfit.2.txt,,
a000148.2.txt,,
a000148.spfit.2.txt,,
a000149.1.txt,,
a000150.2.txt,,
a000150.spfit.2.txt,,
a000151.2.txt,,
a000151.sp47.txt,,
a000151.spfit.2.txt,,
a000152.2.txt,,
a000152.spfit.2.txt,,
a000153.2.txt,,
a000153.as68.txt,,
a000153.sp40.txt,,
a000153.spfit.2.txt,,
a000154.2.txt,,
a000154.spfit.2.txt,,
a000156.2.txt,,
a000156.spfit.2.txt,,
a000157.1.txt,,
a000158.1.txt,,
a000158.2.txt,,
a000158.3.txt,,
a000158.sp94.txt,,
a000158.spfit.2.txt,,
a000159.2.txt,,
a000159.spfit.2.txt,,
a000160.2.txt,,
a000160.sp99.txt,,
a000160.spfit.2.txt,,
a000161.2.txt,,
a000161.spfit.2.txt,,
a000162.2.txt,,
a000162.spfit.2.txt,,
a000163.2.txt,,
a000163.spfit.2.txt,,
a000164.2.txt,,
a000164.spfit.2.txt,,
a000165.2.txt,,
a000165.spfit.2.txt,,
a000166.2.txt,,
a000166.spfit.2.txt,,
a000167.1.txt,,
a000167.2.txt,,
a000167.3.txt,,
a000167.spfit.2.txt,,
a000168.2.txt,,
a000168.spfit.2.txt,,
a000169.1.txt,,
a000169.2.txt,,
a000169.3.txt,,
a000169.spfit.2.txt,,
a000170.2.txt,,
a000170.spfit.2.txt,,
a000171.2.txt,,
a000171.spfit.2.txt,,
a000172.2.txt,,
a000172.spfit.2.txt,,
a000173.2.txt,,
a000173.spfit.2.txt,,
a000174.2.txt,,
a000174.spfit.2.txt,,
a000175.2.txt,,
a000175.sp47.txt,,
a000175.spfit.2.txt,,
a000176.2.txt,,
a000176.spfit.2.txt,,
a000177.2.txt,,
a000177.spfit.2.txt,,
a000178.2.txt,,
a000178.spfit.2.txt,,
a000179.2.txt,,
a000179.spfit.2.txt,,
a000180.2.txt,,
a000180.sp92.txt,,
a000180.spfit.2.txt,,
a000181.2.txt,,
a000181.sp25.txt,,
a000181.spfit.2.txt,,
a000182.2.txt,,
a000182.spfit.2.txt,,
a000183.2.txt,,
a000183.spfit.2.txt,,
a000184.2.txt,,
a000184.spfit.2.txt,,
a000185.1.txt,,
a000185.2.txt,,
a000185.spfit.2.txt,,
a000186.1.txt,,
a000186.2.txt,,
a000186.spfit.2.txt,,
a000187.2.txt,,
a000187.spfit.2.txt,,
a000188.2.txt,,
a000188.spfit.2.txt,,
a000189.2.txt,,
a000189.spfit.2.txt,,
a000190.2.txt,,
a000190.4.txt,,
a000190.spfit.2.txt,,
a000191.2.txt,,
a000191.sp38.txt,,
a000191.spfit.2.txt,,
a000192.2.txt,,
a000192.sp50.txt,,
a000192.spfit.2.txt,,
a000193.2.txt,,
a000193.spfit.2.txt,,
a000194.2.txt,,
a000194.spfit.2.txt,,
a000195.2.txt,,
a000195.spfit.2.txt,,
a000196.1.txt,,
a000196.2.txt,,
a000196.spfit.2.txt,,
a000197.2.txt,,
a000197.spfit.2.txt,,
a000198.2.txt,,
a000198.spfit.2.txt,,
a000199.2.txt,,
a000199.spfit.2.txt,,
a000200.2.txt,,
a000200.spfit.2.txt,,
a000201.2.txt,,
a000201.sp28.txt,,
a000201.spfit.2.txt,,
a000204.1.txt,,
a000205.2.txt,,
a000205.spfit.2.txt,,
a000206.2.txt,,
a000206.spfit.2.txt,,
a000207.2.txt,,
a000207.spfit.2.txt,,
a000208.2.txt,,
a000208.sp101.txt,,
a000208.spfit.2.txt,,
a000209.2.txt,,
a000209.spfit.2.txt,,
a000210.2.txt,,
a000210.sp47.txt,,
a000210.spfit.2.txt,,
a000211.1.txt,,
a000211.2.txt,,
a000211.spfit.2.txt,,
a000212.dm08.txt,,
a000213.2.txt,,
a000213.sp85.txt,,
a000213.spfit.2.txt,,
a000214.2.txt,,
a000214.spfit.2.txt,,
a000216.2.txt,,
a000216.sp127.txt,,
a000216.spfit.2.txt,,
a000218.1.txt,,
a000221.1.txt,,
a000221.2.txt,,
a000221.3.txt,,
a000221.spfit.2.txt,,
a000226.2.txt,,
a000226.spfit.2.txt,,
a000228.2.txt,,
a000228.spfit.2.txt,,
a000230.1.txt,,
a000230.2.txt,,
a000230.spfit.2.txt,,
a000231.1.txt,,
a000233.2.txt,,
a000233.3.txt,,
a000233.spfit.2.txt,,
a000234.1.txt,,
a000234.2.txt,,
a000234.sp57.txt,,
a000234.spfit.2.txt,,
a000235.1.txt,,
a000236.2.txt,,
a000236.3.txt,,
a000236.sp50.txt,,
a000236.spfit.2.txt,,
a000237.1.txt,,
a000237.2.txt,,
a000237.sp95.txt,,
a000237.spfit.2.txt,,
a000238.2.txt,,
a000238.spfit.2.txt,,
a000239.1.txt,,
a000240.2.txt,,
a000240.spfit.2.txt,,
a000241.2.txt,,
a000241.spfit.2.txt,,
a000242.2.txt,,
a000242.spfit.2.txt,,
a000243.1.txt,,
a000243.2.txt,,
a000243.3.txt,,
a000243.spfit.2.txt,,
a000244.2.txt,,
a000244.3.txt,,
a000244.sp69.txt,,
a000244.sp70.txt,,
a000244.spfit.2.txt,,
a000245.1.txt,,
a000245.2.txt,,
a000245.sp75.txt,,
a000245.spfit.2.txt,,
a000246.2.txt,,
a000246.3.txt,,
a000246.sp37.txt,,
a000246.spfit.2.txt,,
a000247.2.txt,,
a000247.spfit.2.txt,,
a000248.1.txt,,
a000250.2.txt,,
a000250.sp26.txt,,
a000250.spfit.2.txt,,
a000253.2.txt,,
a000253.3.txt,,
a000253.spfit.2.txt,,
a000256.1.txt,,
a000257.2.txt,,
a000257.spfit.2.txt,,
a000258.2.txt,,
a000258.spfit.2.txt,,
a000259.2.txt,,
a000259.spfit.2.txt,,
a000261.2.txt,,
a000261.sp64.txt,,
a000261.spfit.2.txt,,
a000263.2.txt,,
a000263.spfit.2.txt,,
a000264.2.txt,,
a000264.sp41.txt,,
a000264.spfit.2.txt,,
a000266.2.txt,,
a000266.sp44.txt,,
a000266.spfit.2.txt,,
a000267.2.txt,,
a000267.spfit.2.txt,,
a000268.sp84.txt,,
a000269.2.txt,,
a000269.sp40.txt,,
a000269.spfit.2.txt,,
a000272.2.txt,,
a000272.spfit.2.txt,,
a000275.2.txt,,
a000275.spfit.2.txt,,
a000278.2.txt,,
a000278.spfit.2.txt,,
a000279.2.txt,,
a000279.sp35.txt,,
a000279.spfit.2.txt,,
a000281.2.txt,,
a000281.spfit.2.txt,,
a000282.2.txt,,
a000282.spfit.2.txt,,
a000284.2.txt,,
a000284.spfit.2.txt,,
a000286.2.txt,,
a000286.spfit.2.txt,,
a000287.1.txt,,
a000288.2.txt,,
a000288.sp92.txt,,
a000288.spfit.2.txt,,
a000289.1.txt,,
a000289.2.txt,,
a000289.3.txt,,
a000289.spfit.2.txt,,
a000290.1.txt,,
a000291.1.txt,,
a000291.3.txt,,
a000292.1.txt,,
a000295.2.txt,,
a000295.spfit.2.txt,,
a000297.1.txt,,
a000298.sp97.txt,,
a000301.2.txt,,
a000301.sp89.txt,,
a000301.spfit.2.txt,,
a000304.2.txt,,
a000304.3.txt,,
a000304.spfit.2.txt,,
a000306.2.txt,,
a000306.spfit.2.txt,,
a000308.2.txt,,
a000308.3.txt,,
a000308.sp39.txt,,
a000308.spfit.2.txt,,
a000310.2.txt,,
a000310.spfit.2.txt,,
a000312.2.txt,,
a000312.spfit.2.txt,,
a000314.1.txt,,
a000316.sp93.txt,,
a000317.2.txt,,
a000317.3.txt,,
a000317.spfit.2.txt,,
a000319.1.txt,,
a000321.2.txt,,
a000321.spfit.2.txt,,
a000322.2.txt,,
a000322.spfit.2.txt,,
a000327.2.txt,,
a000327.spfit.2.txt,,
a000331.2.txt,,
a000331.spfit.2.txt,,
a000332.2.txt,,
a000332.spfit.2.txt,,
a000334.sp107.txt,,
a000335.2.txt,,
a000335.3.txt,,
a000335.spfit.2.txt,,
a000336.2.txt,,
a000336.3.txt,,
a000336.4.txt,,
a000336.spfit.2.txt,,
a000337.2.txt,,
a000337.spfit.2.txt,,
a000338.2.txt,,
a000338.spfit.2.txt,,
a000339.1.txt,,
a000339.2.txt,,
a000339.sp89.txt,,
a000339.spfit.2.txt,,
a000342.2.txt,,
a000342.spfit.2.txt,,
a000344.sp28.txt,,
a000345.1.txt,,
a000345.2.txt,,
a000345.sp45.txt,,
a000345.spfit.2.txt,,
a000346.1.txt,,
a000346.2.txt,,
a000346.3.txt,,
a000346.spfit.2.txt,,
a000348.2.txt,,
a000348.spfit.2.txt,,
a000349.1.txt,,
a000349.2.txt,,
a000349.3.txt,,
a000349.4.txt,,
a000349.spfit.2.txt,,
a000350.1.txt,,
a000352.2.txt,,
a000352.3.txt,,
a000352.spfit.2.txt,,
a000353.2.txt,,
a000353.spfit.2.txt,,
a000354.1.txt,,
a000354.2.txt,,
a000354.3.txt,,
a000354.dm02.txt,,
a000354.spfit.2.txt,,
a000355.2.txt,,
a000355.spfit.2.txt,,
a000358.2.txt,,
a000358.spfit.2.txt,,
a000359.2.txt,,
a000359.as67.txt,,
a000359.spfit.2.txt,,
a000360.2.txt,,
a000360.spfit.2.txt,,
a000363.2.txt,,
a000363.spfit.2.txt,,
a000364.3.txt,,
a000364.sp61.txt,,
a000364.sp64.txt,,
a000365.2.txt,,
a000365.spfit.2.txt,,
a000366.2.txt,,
a000366.spfit.2.txt,,
a000371.1.txt,,
a000371.2.txt,,
a000371.sp92.txt,,
a000371.spfit.2.txt,,
a000372.2.txt,,
a000372.spfit.2.txt,,
a000374.1.txt,,
a000374.2.txt,,
a000374.3.txt,,
a000374.spfit.2.txt,,
a000375.2.txt,,
a000375.4.txt,,
a000375.spfit.2.txt,,
a000376.2.txt,,
a000376.spfit.2.txt,,
a000377.2.txt,,
a000377.sp91.txt,,
a000377.spfit.2.txt,,
a000378.2.txt,,
a000378.spfit.2.txt,,
a000379.2.txt,,
a000379.3.txt,,
a000379.spfit.2.txt,,
a000381.2.txt,,
a000381.spfit.2.txt,,
a000383.2.txt,,
a000383.spfit.2.txt,,
a000384.1.txt,,
a000384.2.txt,,
a000384.spfit.2.txt,,
a000386.2.txt,,
a000386.spfit.2.txt,,
a000387.2.txt,,
a000387.spfit.2.txt,,
a000388.2.txt,,
a000388.spfit.2.txt,,
a000389.2.txt,,
a000389.3.txt,,
a000389.sp94.txt,,
a000389.spfit.2.txt,,
a000391.2.txt,,
a000391.spfit.2.txt,,
a000392.2.txt,,
a000392.spfit.2.txt,,
a000393.2.txt,,
a000393.spfit.2.txt,,
a000394.2.txt,,
a000394.spfit.2.txt,,
a000395.2.txt,,
a000395.spfit.2.txt,,
a000396.2.txt,,
a000396.spfit.2.txt,,
a000397.2.txt,,
a000397.spfit.2.txt,,
a000398.2.txt,,
a000398.spfit.2.txt,,
a000399.2.txt,,
a000399.spfit.2.txt,,
a000402.1.txt,,
a000402.2.txt,,
a000402.3.txt,,
a000402.spfit.2.txt,,
a000403.2.txt,,
a000403.sp93.txt,,
a000403.spfit.2.txt,,
a000404.2.txt,,
a000404.spfit.2.txt,,
a000405.2.txt,,
a000405.as67.txt,,
a000405.spfit.2.txt,,
a000409.2.txt,,
a000409.spfit.2.txt,,
a000410.2.txt,,
a000410.spfit.2.txt,,
a000412.2.txt,,
a000412.spfit.2.txt,,
a000413.2.txt,,
a000413.spfit.2.txt,,
a000414.2.txt,,
a000414.spfit.2.txt,,
a000416.1.txt,,
a000416.2.txt,,
a000416.3.txt,,
a000416.sp93.txt,,
a000416.spfit.2.txt,,
a000417.2.txt,,
a000417.spfit.2.txt,,
a000423.2.txt,,
a000423.spfit.2.txt,,
a000425.2.txt,,
a000425.spfit.2.txt,,
a000430.1.txt,,
a000431.2.txt,,
a000431.3.txt,,
a000431.spfit.2.txt,,
a000432.2.txt,,
a000432.spfit.2.txt,,
a000433.8.txt,,
a000433.9.txt,,
a000433.sp101.txt,,
a000433.sp102.txt,,
a000433.sp103.txt,,
a000433.sp105.txt,,
a000433.sp15.txt,,
a000433.sp16.txt,,
a000433.sp17.txt,,
a000433.sp201n1.txt,,
a000434.2.txt,,
a000434.spfit.2.txt,,
a000441.1.txt,,
a000441.2.txt,,
a000441.spfit.2.txt,,
a000442.2.txt,,
a000442.spfit.2.txt,,
a000443.2.txt,,
a000443.spfit.2.txt,,
a000444.2.txt,,
a000444.spfit.2.txt,,
a000446.1.txt,,
a000446.2.txt,,
a000446.3.txt,,
a000446.spfit.2.txt,,
a000453.2.txt,,
a000453.spfit.2.txt,,
a000456.1.txt,,
a000456.2.txt,,
a000456.spfit.2.txt,,
a000458.2.txt,,
a000458.3.txt,,
a000458.spfit.2.txt,,
a000460.2.txt,,
a000460.spfit.2.txt,,
a000462.2.txt,,
a000462.spfit.2.txt,,
a000464.2.txt,,
a000464.spfit.2.txt,,
a000467.1.txt,,
a000470.1.txt,,
a000470.2.txt,,
a000470.3.txt,,
a000470.spfit.2.txt,,
a000471.1.txt,,
a000471.2.txt,,
a000471.4.txt,,
a000471.spfit.2.txt,,
a000474.1.txt,,
a000476.2.txt,,
a000476.spfit.2.txt,,
a000477.1.txt,,
a000477.2.txt,,
a000477.3.txt,,
a000477.spfit.2.txt,,
a000478.2.txt,,
a000478.3.txt,,
a000478.spfit.2.txt,,
a000479.2.txt,,
a000479.spfit.2.txt,,
a000480.1.txt,,
a000480.3.txt,,
a000481.1.txt,,
a000481.2.txt,,
a000481.4.txt,,
a000481.spfit.2.txt,,
a000484.2.txt,,
a000484.spfit.2.txt,,
a000485.2.txt,,
a000485.spfit.2.txt,,
a000490.2.txt,,
a000490.spfit.2.txt,,
a000491.2.txt,,
a000491.spfit.2.txt,,
a000494.2.txt,,
a000494.spfit.2.txt,,
a000495.1.txt,,
a000496.2.txt,,
a000496.spfit.2.txt,,
a000503.2.txt,,
a000503.spfit.2.txt,,
a000504.2.txt,,
a000504.spfit.2.txt,,
a000507.2.txt,,
a000507.spfit.2.txt,,
a000509.1.txt,,
a000509.2.txt,,
a000509.3.txt,,
a000509.spfit.2.txt,,
a000511.1.txt,,
a000511.2.txt,,
a000511.3.txt,,
a000511.spfit.2.txt,,
a000512.1.txt,,
a000512.2.txt,,
a000512.sp32.txt,,
a000512.spfit.2.txt,,
a000513.2.txt,,
a000513.3.txt,,
a000513.spfit.2.txt,,
a000515.2.txt,,
a000515.3.txt,,
a000515.spfit.2.txt,,
a000516.2.txt,,
a000516.spfit.2.txt,,
a000518.1.txt,,
a000519.1.txt,,
a000519.2.txt,,
a000519.spfit.2.txt,,
a000521.2.txt,,
a000521.spfit.2.txt,,
a000523.2.txt,,
a000523.spfit.2.txt,,
a000527.2.txt,,
a000527.spfit.2.txt,,
a000529.1.txt,,
a000531.2.txt,,
a000531.spfit.2.txt,,
a000532.2.txt,,
a000532.sp76.txt,,
a000532.spfit.2.txt,,
a000533.2.txt,,
a000533.spfit.2.txt,,
a000534.2.txt,,
a000534.sp97.txt,,
a000534.spfit.2.txt,,
a000539.2.txt,,
a000539.spfit.2.txt,,
a000541.1.txt,,
a000541.2.txt,,
a000541.spfit.2.txt,,
a000543.2.txt,,
a000543.spfit.2.txt,,
a000545.2.txt,,
a000545.spfit.2.txt,,
a000547.2.txt,,
a000547.spfit.2.txt,,
a000550.1.txt,,
a000551.2.txt,,
a000551.spfit.2.txt,,
a000553.2.txt,,
a000553.spfit.2.txt,,
a000554.2.txt,,
a000554.3.txt,,
a000554.spfit.2.txt,,
a000555.2.txt,,
a000555.spfit.2.txt,,
a000556.2.txt,,
a000556.spfit.2.txt,,
a000559.2.txt,,
a000559.spfit.2.txt,,
a000560.2.txt,,
a000560.spfit.2.txt,,
a000562.3.txt,,
a000563.1.txt,,
a000563.2.txt,,
a000563.spfit.2.txt,,
a000564.2.txt,,
a000564.spfit.2.txt,,
a000569.2.txt,,
a000569.spfit.2.txt,,
a000570.2.txt,,
a000570.sp28.txt,,
a000570.spfit.2.txt,,
a000571.2.txt,,
a000571.spfit.2.txt,,
a000572.2.txt,,
a000572.spfit.2.txt,,
a000578.2.txt,,
a000578.spfit.2.txt,,
a000579.2.txt,,
a000579.spfit.2.txt,,
a000581.2.txt,,
a000581.spfit.2.txt,,
a000582.1.txt,,
a000584.2.txt,,
a000584.3.txt,,
a000584.sp65.txt,,
a000584.spfit.2.txt,,
a000586.2.txt,,
a000586.spfit.2.txt,,
a000592.2.txt,,
a000592.spfit.2.txt,,
a000596.2.txt,,
a000596.sp97.txt,,
a000596.spfit.2.txt,,
a000597.2.txt,,
a000597.spfit.2.txt,,
a000598.2.txt,,
a000598.spfit.2.txt,,
a000599.1.txt,,
a000599.2.txt,,
a000599.3.txt,,
a000599.4.txt,,
a000599.spfit.2.txt,,
a000600.2.txt,,
a000600.sp101.txt,,
a000600.spfit.2.txt,,
a000601.2.txt,,
a000601.spfit.2.txt,,
a000604.2.txt,,
a000604.spfit.2.txt,,
a000606.2.txt,,
a000606.spfit.2.txt,,
a000611.2.txt,,
a000611.3.txt,,
a000611.spfit.2.txt,,
a000614.2.txt,,
a000614.spfit.2.txt,,
a000617.sp40.txt,,
a000622.2.txt,,
a000622.spfit.2.txt,,
a000625.2.txt,,
a000625.3.txt,,
a000625.spfit.2.txt,,
a000626.2.txt,,
a000626.spfit.2.txt,,
a000627.2.txt,,
a000627.spfit.2.txt,,
a000629.2.txt,,
a000629.spfit.2.txt,,
a000631.1.txt,,
a000631.2.txt,,
a000631.sp101.txt,,
a000631.spfit.2.txt,,
a000633.2.txt,,
a000633.spfit.2.txt,,
a000634.2.txt,,
a000634.spfit.2.txt,,
a000636.dm08.txt,,
a000638.2.txt,,
a000638.spfit.2.txt,,
a000639.1.txt,,
a000642.2.txt,,
a000642.spfit.2.txt,,
a000649.2.txt,,
a000649.spfit.2.txt,,
a000653.1.txt,,
a000653.2.txt,,
a000653.3.txt,,
a000653.spfit.2.txt,,
a000654.2.txt,,
a000654.spfit.2.txt,,
a000661.2.txt,,
a000661.3.txt,,
a000661.spfit.2.txt,,
a000668.2.txt,,
a000668.spfit.2.txt,,
a000670.2.txt,,
a000670.spfit.2.txt,,
a000671.2.txt,,
a000671.spfit.2.txt,,
a000673.2.txt,,
a000673.spfit.2.txt,,
a000674.2.txt,,
a000674.spfit.2.txt,,
a000675.1.txt,,
a000675.2.txt,,
a000675.3.txt,,
a000675.spfit.2.txt,,
a000677.2.txt,,
a000677.spfit.2.txt,,
a000678.2.txt,,
a000678.spfit.2.txt,,
a000679.2.txt,,
a000679.3.txt,,
a000679.sp89.txt,,
a000679.spfit.2.txt,,
a000683.1.txt,,
a000687.2.txt,,
a000687.spfit.2.txt,,
a000688.2.txt,,
a000688.spfit.2.txt,,
a000699.2.txt,,
a000699.sp35.txt,,
a000699.spfit.2.txt,,
a000702.1.txt,,
a000702.2.txt,,
a000702.3.txt,,
a000702.spfit.2.txt,,
a000704.2.txt,,
a000704.spfit.2.txt,,
a000705.2.txt,,
a000705.spfit.2.txt,,
a000706.2.txt,,
a000706.sp48.txt,,
a000706.sp49.txt,,
a000706.spfit.2.txt,,
a000712.2.txt,,
a000712.spfit.2.txt,,
a000713.2.txt,,
a000713.spfit.2.txt,,
a000714.3.txt,,
a000715.2.txt,,
a000715.spfit.2.txt,,
a000716.2.txt,,
a000716.spfit.2.txt,,
a000718.2.txt,,
a000718.spfit.2.txt,,
a000719.8.txt,,
a000719.sp08.txt,,
a000720.1.txt,,
a000720.2.txt,,
a000720.3.txt,,
a000720.sp97.txt,,
a000720.spfit.2.txt,,
a000722.1.txt,,
a000723.2.txt,,
a000723.spfit.2.txt,,
a000724.1.txt,,
a000729.2.txt,,
a000729.spfit.2.txt,,
a000731.2.txt,,
a000731.spfit.2.txt,,
a000732.1.txt,,
a000735.2.txt,,
a000735.spfit.2.txt,,
a000737.1.txt,,
a000737.2.txt,,
a000737.3.txt,,
a000737.spfit.2.txt,,
a000739.2.txt,,
a000739.spfit.2.txt,,
a000741.2.txt,,
a000741.spfit.2.txt,,
a000742.2.txt,,
a000742.spfit.2.txt,,
a000743.2.txt,,
a000743.spfit.2.txt,,
a000747.2.txt,,
a000747.spfit.2.txt,,
a000749.2.txt,,
a000749.spfit.2.txt,,
a000751.2.txt,,
a000751.spfit.2.txt,,
a000752.1.txt,,
a000753.2.txt,,
a000753.3.txt,,
a000753.spfit.2.txt,,
a000754.2.txt,,
a000754.spfit.2.txt,,
a000757.2.txt,,
a000757.spfit.2.txt,,
a000759.2.txt,,
a000759.spfit.2.txt,,
a000762.sp85.txt,,
a000767.2.txt,,
a000767.spfit.2.txt,,
a000771.2.txt,,
a000771.spfit.2.txt,,
a000773.2.txt,,
a000773.3.txt,,
a000773.sp31.txt,,
a000773.spfit.2.txt,,
a000774.1.txt,,
a000774.3.txt,,
a000776.2.txt,,
a000776.sp38.txt,,
a000776.spfit.2.txt,,
a000779.2.txt,,
a000779.spfit.2.txt,,
a000781.2.txt,,
a000781.spfit.2.txt,,
a000782.2.txt,,
a000782.spfit.2.txt,,
a000783.2.txt,,
a000783.spfit.2.txt,,
a000784.2.txt,,
a000784.spfit.2.txt,,
a000785.2.txt,,
a000785.sp41.txt,,
a000785.spfit.2.txt,,
a000787.1.txt,,
a000787.3.txt,,
a000788.1.txt,,
a000789.2.txt,,
a000789.spfit.2.txt,,
a000792.2.txt,,
a000792.spfit.2.txt,,
a000793.2.txt,,
a000793.sp92.txt,,
a000793.spfit.2.txt,,
a000795.2.txt,,
a000795.spfit.2.txt,,
a000796.2.txt,,
a000796.spfit.2.txt,,
a000797.2.txt,,
a000797.spfit.2.txt,,
a000803.1.txt,,
a000804.2.txt,,
a000804.spfit.2.txt,,
a000808.1.txt,,
a000808.2.txt,,
a000808.3.txt,,
a000808.sp92.txt,,
a000808.spfit.2.txt,,
a000811.1.txt,,
a000811.3.txt,,
a000813.1.txt,,
a000814.2.txt,,
a000814.spfit.2.txt,,
a000815.2.txt,,
a000815.spfit.2.txt,,
a000819.2.txt,,
a000819.spfit.2.txt,,
a000821.2.txt,,
a000821.spfit.2.txt,,
a000824.2.txt,,
a000824.spfit.2.txt,,
a000825.2.txt,,
a000825.3.txt,,
a000825.spfit.2.txt,,
a000826.2.txt,,
a000826.spfit.2.txt,,
a000844.2.txt,,
a000844.spfit.2.txt,,
a000845.2.txt,,
a000845.sp89.txt,,
a000845.spfit.2.txt,,
a000847.2.txt,,
a000847.spfit.2.txt,,
a000851.1.txt,,
a000853.2.txt,,
a000853.spfit.2.txt,,
a000854.sp99.txt,,
a000856.2.txt,,
a000856.spfit.2.txt,,
a000860.2.txt,,
a000860.spfit.2.txt,,
a000862.2.txt,,
a000862.spfit.2.txt,,
a000863.1.txt,,
a000863.2.txt,,
a000863.3.txt,,
a000863.sp76.txt,,
a000863.spfit.2.txt,,
a000866.2.txt,,
a000866.spfit.2.txt,,
a000868.2.txt,,
a000868.spfit.2.txt,,
a000870.2.txt,,
a000870.spfit.2.txt,,
a000872.2.txt,,
a000872.spfit.2.txt,,
a000879.1.txt,,
a000886.2.txt,,
a000886.spfit.2.txt,,
a000887.sp111.txt,,
a000895.2.txt,,
a000895.spfit.2.txt,,
a000897.2.txt,,
a000897.spfit.2.txt,,
a000898.2.txt,,
a000898.spfit.2.txt,,
a000900.1.txt,,
a000905.2.txt,,
a000905.spfit.2.txt,,
a000907.2.txt,,
a000907.spfit.2.txt,,
a000908.2.txt,,
a000908.sp53.txt,,
a000908.spfit.2.txt,,
a000910.2.txt,,
a000910.spfit.2.txt,,
a000912.2.txt,,
a000912.spfit.2.txt,,
a000913.2.txt,,
a000913.3.txt,,
a000913.spfit.2.txt,,
a000915.1.txt,,
a000915.3.txt,,
a000918.1.txt,,
a000918.3.txt,,
a000919.2.txt,,
a000919.spfit.2.txt,,
a000924.2.txt,,
a000924.spfit.2.txt,,
a000925.2.txt,,
a000925.sp102.txt,,
a000925.spfit.2.txt,,
a000929.2.txt,,
a000929.spfit.2.txt,,
a000930.2.txt,,
a000930.spfit.2.txt,,
a000934.2.txt,,
a000934.spfit.2.txt,,
a000939.sp101.txt,,
a000941.2.txt,,
a000941.spfit.2.txt,,
a000944.sp31.txt,,
a000945.2.txt,,
a000945.spfit.2.txt,,
a000950.2.txt,,
a000950.3.txt,,
a000950.spfit.2.txt,,
a000951.1.txt,,
a000951.2.txt,,
a000951.3.txt,,
a000951.spfit.2.txt,,
a000961.2.txt,,
a000961.spfit.2.txt,,
a000965.2.txt,,
a000965.spfit.2.txt,,
a000970.2.txt,,
a000970.spfit.2.txt,,
a000971.2.txt,,
a000971.spfit.2.txt,,
a000973.2.txt,,
a000973.spfit.2.txt,,
a000980.2.txt,,
a000980.3.txt,,
a000980.spfit.2.txt,,
a000984.2.txt,,
a000984.sp92.txt,,
a000984.spfit.2.txt,,
a000985.2.txt,,
a000985.spfit.2.txt,,
a000994.2.txt,,
a000994.spfit.2.txt,,
a000997.2.txt,,
a000997.spfit.2.txt,,
a001007.2.txt,,
a001007.spfit.2.txt,,
a001011.2.txt,,
a001011.8.txt,,
a001011.spfit.2.txt,,
a001014.2.txt,,
a001014.spfit.2.txt,,
a001015.2.txt,,
a001015.spfit.2.txt,,
a001016.2.txt,,
a001016.spfit.2.txt,,
a001017.2.txt,,
a001017.spfit.2.txt,,
a001020.2.txt,,
a001020.spfit.2.txt,,
a001021.2.txt,,
a001021.sp89.txt,,
a001021.spfit.2.txt,,
a001022.2.txt,,
a001022.spfit.2.txt,,
a001024.2.txt,,
a001024.spfit.2.txt,,
a001025.2.txt,,
a001025.spfit.2.txt,,
a001032.2.txt,,
a001032.spfit.2.txt,,
a001034.2.txt,,
a001034.spfit.2.txt,,
a001036.3.txt,,
a001036.8.txt,,
a001036.sp05.txt,,
a001036.sp103.txt,,
a001036.sp104.txt,,
a001036.sp209.txt,,
a001036.sp27.txt,,
a001036.sp37.txt,,
a001036.sp51.txt,,
a001036.sp80.txt,,
a001039.2.txt,,
a001039.spfit.2.txt,,
a001041.2.txt,,
a001041.spfit.2.txt,,
a001045.2.txt,,
a001045.spfit.2.txt,,
a001046.2.txt,,
a001046.spfit.2.txt,,
a001048.2.txt,,
a001048.spfit.2.txt,,
a001052.2.txt,,
a001052.spfit.2.txt,,
a001055.2.txt,,
a001055.spfit.2.txt,,
a001056.2.txt,,
a001056.spfit.2.txt,,
a001058.2.txt,,
a001058.spfit.2.txt,,
a001063.1.txt,,
a001065.2.txt,,
a001065.sp37.txt,,
a001065.spfit.2.txt,,
a001069.2.txt,,
a001069.spfit.2.txt,,
a001071.1.txt,,
a001071.2.txt,,
a001071.spfit.2.txt,,
a001076.2.txt,,
a001076.sp91.txt,,
a001076.spfit.2.txt,,
a001084.1.txt,,
a001086.2.txt,,
a001086.spfit.2.txt,,
a001088.2.txt,,
a001088.spfit.2.txt,,
a001094.2.txt,,
a001094.spfit.2.txt,,
a001098.2.txt,,
a001098.spfit.2.txt,,
a001102.2.txt,,
a001102.spfit.2.txt,,
a001103.2.txt,,
a001103.spfit.2.txt,,
a001104.2.txt,,
a001104.spfit.2.txt,,
a0011054.sp09.txt,,
a001106.2.txt,,
a001106.spfit.2.txt,,
a001107.2.txt,,
a001107.spfit.2.txt,,
a001110.1.txt,,
a001110.2.txt,,
a001110.spfit.2.txt,,
a001114.2.txt,,
a001114.spfit.2.txt,,
a001126.2.txt,,
a001126.3.txt,,
a001126.spfit.2.txt,,
a001128.2.txt,,
a001128.spfit.2.txt,,
a001131.2.txt,,
a001131.sp28.txt,,
a001131.spfit.2.txt,,
a001134.2.txt,,
a001134.spfit.2.txt,,
a001135.2.txt,,
a001135.spfit.2.txt,,
a001139.2.txt,,
a001139.sp29.txt,,
a001139.spfit.2.txt,,
a001140.2.txt,,
a001140.spfit.2.txt,,
a001143.1.txt,,
a001143.sp42.txt,,
a001144.1.txt,,
a001145.1.txt,,
a001147.2.txt,,
a001147.spfit.2.txt,,
a001148.2.txt,,
a001148.3.txt,,
a001148.spfit.2.txt,,
a001152.2.txt,,
a001152.spfit.2.txt,,
a001155.2.txt,,
a001155.spfit.2.txt,,
a001165.1.txt,,
a001166.1.txt,,
a001167.sp44.txt,,
a001176.2.txt,,
a001176.spfit.2.txt,,
a001180.sp46.txt,,
a001181.2.txt,,
a001181.spfit.2.txt,,
a001185.2.txt,,
a001185.spfit.2.txt,,
a001186.2.txt,,
a001186.spfit.2.txt,,
a001187.2.txt,,
a001187.spfit.2.txt,,
a001188.2.txt,,
a001188.spfit.2.txt,,
a001189.2.txt,,
a001189.spfit.2.txt,,
a001196.2.txt,,
a001196.spfit.2.txt,,
a001198.1.txt,,
a001201.2.txt,,
a001201.spfit.2.txt,,
a001204.2.txt,,
a001204.sp37.txt,,
a001204.spfit.2.txt,,
a001212.2.txt,,
a001212.spfit.2.txt,,
a001214.2.txt,,
a001214.spfit.2.txt,,
a001222.2.txt,,
a001222.spfit.2.txt,,
a001228.2.txt,,
a001228.spfit.2.txt,,
a001234.2.txt,,
a001234.spfit.2.txt,,
a001248.2.txt,,
a001248.spfit.2.txt,,
a001251.2.txt,,
a001251.spfit.2.txt,,
a001252.2.txt,,
a001252.spfit.2.txt,,
a001257.1.txt,,
a001262.2.txt,,
a001262.spfit.2.txt,,
a001263.2.txt,,
a001263.spfit.2.txt,,
a001264.1.txt,,
a001264.2.txt,,
a001264.spfit.2.txt,,
a001271.2.txt,,
a001271.spfit.2.txt,,
a001272.2.txt,,
a001272.spfit.2.txt,,
a001273.1.txt,,
a001273.3.txt,,
a001277.2.txt,,
a001277.spfit.2.txt,,
a001278.2.txt,,
a001278.spfit.2.txt,,
a001279.1.txt,,
a001284.2.txt,,
a001284.3.txt,,
a001284.spfit.2.txt,,
a001289.1.txt,,
a001289.3.txt,,
a001293.2.txt,,
a001293.spfit.2.txt,,
a001294.2.txt,,
a001294.spfit.2.txt,,
a001300.2.txt,,
a001300.sp55.txt,,
a001300.sp56.txt,,
a001300.spfit.2.txt,,
a001301.2.txt,,
a001301.spfit.2.txt,,
a001302.1.txt,,
a001304.2.txt,,
a001304.spfit.2.txt,,
a001310.sp50.txt,,
a001316.2.txt,,
a001316.spfit.2.txt,,
a001323.2.txt,,
a001323.spfit.2.txt,,
a001324.2.txt,,
a001324.3.txt,,
a001324.spfit.2.txt,,
a001325.1.txt,,
a001327.2.txt,,
a001327.spfit.2.txt,,
a001329.2.txt,,
a001329.spfit.2.txt,,
a001331.2.txt,,
a001331.spfit.2.txt,,
a001332.2.txt,,
a001332.sp42.txt,,
a001332.spfit.2.txt,,
a001336.2.txt,,
a001336.spfit.2.txt,,
a001343.2.txt,,
a001343.spfit.2.txt,,
a001348.2.txt,,
a001348.spfit.2.txt,,
a001350.2.txt,,
a001350.3.txt,,
a001350.spfit.2.txt,,
a001351.2.txt,,
a001351.spfit.2.txt,,
a001352.2.txt,,
a001352.spfit.2.txt,,
a001358.1.txt,,
a001360.2.txt,,
a001360.spfit.2.txt,,
a001372.2.txt,,
a001372.spfit.2.txt,,
a001373.2.txt,,
a001373.spfit.2.txt,,
a001374.2.txt,,
a001374.sp28.txt,,
a001374.spfit.2.txt,,
a001375.1.txt,,
a001379.1.txt,,
a001385.2.txt,,
a001385.spfit.2.txt,,
a001386.2.txt,,
a001386.spfit.2.txt,,
a001393.1.txt,,
a001403.2.txt,,
a001403.spfit.2.txt,,
a001406.2.txt,,
a001406.sp64.txt,,
a001406.spfit.2.txt,,
a001407.2.txt,,
a001407.spfit.2.txt,,
a001414.2.txt,,
a001414.spfit.2.txt,,
a001420.2.txt,,
a001420.spfit.2.txt,,
a001423.2.txt,,
a001423.spfit.2.txt,,
a001424.2.txt,,
a001424.spfit.2.txt,,
a001427.2.txt,,
a001427.spfit.2.txt,,
a001428.2.txt,,
a001428.spfit.2.txt,,
a001433.2.txt,,
a001433.spfit.2.txt,,
a001451.1.txt,,
a001458.2.txt,,
a001458.spfit.2.txt,,
a001459.3.txt,,
a001463.1.txt,,
a001468.sp25.txt,,
a001471.1.txt,,
a001471.2.txt,,
a001471.spfit.2.txt,,
a001474.2.txt,,
a001474.spfit.2.txt,,
a001478.1.txt,,
a001480.1.txt,,
a001480.2.txt,,
a001480.spfit.2.txt,,
a001483.2.txt,,
a001483.3.txt,,
a001483.spfit.2.txt,,
a001484.2.txt,,
a001484.spfit.2.txt,,
a001490.2.txt,,
a001490.spfit.2.txt,,
a001493.2.txt,,
a001493.spfit.2.txt,,
a001494.2.txt,,
a001494.sp55.txt,,
a001494.spfit.2.txt,,
a001501.1.txt,,
a001502.2.txt,,
a001502.spfit.2.txt,,
a001508.2.txt,,
a001508.as68.txt,,
a001508.sp28.txt,,
a001508.spfit.2.txt,,
a001510.2.txt,,
a001510.spfit.2.txt,,
a001517.2.txt,,
a001517.spfit.2.txt,,
a001518.1.txt,,
a001518.3.txt,,
a001520.2.txt,,
a001520.spfit.2.txt,,
a001534.1.txt,,
a001534.2.txt,,
a001534.spfit.2.txt,,
a001539.2.txt,,
a001539.spfit.2.txt,,
a001541.2.txt,,
a001541.spfit.2.txt,,
a001542.2.txt,,
a001542.sp39.txt,,
a001542.spfit.2.txt,,
a001545.2.txt,,
a001545.spfit.2.txt,,
a001548.2.txt,,
a001548.spfit.2.txt,,
a001549.2.txt,,
a001549.spfit.2.txt,,
a001550.2.txt,,
a001550.spfit.2.txt,,
a001553.2.txt,,
a001553.spfit.2.txt,,
a001560.2.txt,,
a001560.spfit.2.txt,,
a001562.2.txt,,
a001562.spfit.2.txt,,
a001563.2.txt,,
a001563.spfit.2.txt,,
a001565.2.txt,,
a001565.sp36.txt,,
a001565.spfit.2.txt,,
a001566.sp42.txt,,
a001567.2.txt,,
a001567.spfit.2.txt,,
a001577.1.txt,,
a001580.sp14.txt,,
a001583.sp40.txt,,
a001584.1.txt,,
a001584.3.txt,,
a001587.2.txt,,
a001587.3.txt,,
a001587.spfit.2.txt,,
a001589.sp123.txt,,
a001592.2.txt,,
a001592.spfit.2.txt,,
a001593.2.txt,,
a001593.spfit.2.txt,,
a001594.2.txt,,
a001594.spfit.2.txt,,
a001600.2.txt,,
a001600.3.txt,,
a001600.spfit.2.txt,,
a001601.2.txt,,
a001601.spfit.2.txt,,
a001603.2.txt,,
a001603.spfit.2.txt,,
a001604.2.txt,,
a001604.spfit.2.txt,,
a001607.1.txt,,
a001613.2.txt,,
a001613.spfit.2.txt,,
a001618.2.txt,,
a001618.spfit.2.txt,,
a001620.8.txt,,
a001620.sp03.txt,,
a001620.sp105.txt,,
a001620.sp212.txt,,
a001620.sp68.txt,,
a001626.1.txt,,
a001626.3.txt,,
a001627.3.txt,,
a001627.sp09.txt,,
a001627.sp118n1.txt,,
a001627.sp73.txt,,
a001627.sp74.txt,,
a001627.sp76.txt,,
a001627.sp77.txt,,
a001627.sp88.txt,,
a001627visir8.visir.txt,,
a001628.1.txt,,
a001629.2.txt,,
a001629.spfit.2.txt,,
a001634.2.txt,,
a001634.spfit.2.txt,,
a001635.2.txt,,
a001635.spfit.2.txt,,
a001638.2.txt,,
a001638.spfit.2.txt,,
a001640.2.txt,,
a001640.sp37.txt,,
a001640.spfit.2.txt,,
a001642.2.txt,,
a001642.spfit.2.txt,,
a001646.1.txt,,
a001651.1.txt,,
a001653.1.txt,,
a001653.2.txt,,
a001653.spfit.2.txt,,
a001655.2.txt,,
a001655.spfit.2.txt,,
a001658.1.txt,,
a001658.3.txt,,
a001659.2.txt,,
a001659.spfit.2.txt,,
a001660.2.txt,,
a001660.sp37.txt,,
a001660.spfit.2.txt,,
a001662.2.txt,,
a001662.spfit.2.txt,,
a001664.2.txt,,
a001664.spfit.2.txt,,
a001667.2.txt,,
a001667.spfit.2.txt,,
a001679.1.txt,,
a001680.2.txt,,
a001680.spfit.2.txt,,
a001685.3.txt,,
a001685.6.txt,,
a001685.sp13.txt,,
a001685.sp17.txt,,
a001685.sp215.txt,,
a001685.sp37.txt,,
a001692.2.txt,,
a001692.spfit.2.txt,,
a001695.2.txt,,
a001695.spfit.2.txt,,
a001697.1.txt,,
a001702.2.txt,,
a001702.3.txt,,
a001702.spfit.2.txt,,
a001705.2.txt,,
a001705.spfit.2.txt,,
a001706.2.txt,,
a001706.spfit.2.txt,,
a001709.sp97.txt,,
a001712.1.txt,,
a001715.2.txt,,
a001715.spfit.2.txt,,
a001716.2.txt,,
a001716.spfit.2.txt,,
a001722.1.txt,,
a001722.3.txt,,
a001724.2.txt,,
a001724.spfit.2.txt,,
a001725.1.txt,,
a001726.2.txt,,
a001726.spfit.2.txt,,
a001729.2.txt,,
a001729.spfit.2.txt,,
a001730.2.txt,,
a001730.spfit.2.txt,,
a001734.2.txt,,
a001734.spfit.2.txt,,
a001738.2.txt,,
a001738.spfit.2.txt,,
a001743.1.txt,,
a001747.2.txt,,
a001747.spfit.2.txt,,
a001749.1.txt,,
a001751.2.txt,,
a001751.spfit.2.txt,,
a001766.2.txt,,
a001766.spfit.2.txt,,
a001768.2.txt,,
a001768.sp104.txt,,
a001768.spfit.2.txt,,
a001772.1.txt,,
a001777.2.txt,,
a001777.spfit.2.txt,,
a001781.1.txt,,
a001783.2.txt,,
a001783.spfit.2.txt,,
a001785.2.txt,,
a001785.spfit.2.txt,,
a001795.2.txt,,
a001795.spfit.2.txt,,
a001796.2.txt,,
a001796.spfit.2.txt,,
a001797.2.txt,,
a001797.spfit.2.txt,,
a001798.2.txt,,
a001798.spfit.2.txt,,
a001799.2.txt,,
a001799.spfit.2.txt,,
a001807.1.txt,,
a001807.2.txt,,
a001807.3.txt,,
a001807.spfit.2.txt,,
a001830.2.txt,,
a001830.spfit.2.txt,,
a001831.2.txt,,
a001831.spfit.2.txt,,
a001836.2.txt,,
a001836.spfit.2.txt,,
a001839.2.txt,,
a001839.spfit.2.txt,,
a001847.2.txt,,
a001847.spfit.2.txt,,
a001848.2.txt,,
a001848.spfit.2.txt,,
a001854.1.txt,,
a001856.2.txt,,
a001856.spfit.2.txt,,
a001857.2.txt,,
a001857.spfit.2.txt,,
a001858.2.txt,,
a001858.spfit.2.txt,,
a001860.2.txt,,
a001860.spfit.2.txt,,
a001862.3.txt,,
a001862.sp48.txt,,
a001862n1.sp47.txt,,
a001862n2.sp47.txt,,
a001862visir8.visir.txt,,
a001863.3.txt,,
a001863.4.txt,,
a001864.3.txt,,
a001864.8.txt,,
a001864.sp05.txt,,
a001865.8.txt,,
a001865.sp75.txt,,
a001866.3.txt,,
a001866.8.txt,,
a001866.sp56.txt,,
a001882.2.txt,,
a001882.spfit.2.txt,,
a001888.2.txt,,
a001888.spfit.2.txt,,
a001891.2.txt,,
a001891.spfit.2.txt,,
a001892.1.txt,,
a001892.3.txt,,
a001903.2.txt,,
a001903.spfit.2.txt,,
a001904.2.txt,,
a001904.3.txt,,
a001904.spfit.2.txt,,
a001906.1.txt,,
a001906.3.txt,,
a001907.1.txt,,
a001910.sp85.txt,,
a001912.sp94.txt,,
a001916.8.txt,,
a001916.sp07.txt,,
a001917.8.txt,,
a001917.sp72.txt,,
a001923.2.txt,,
a001923.spfit.2.txt,,
a001929.1.txt,,
a001929.2.txt,,
a001929.3.txt,,
a001929.spfit.2.txt,,
a001930.2.txt,,
a001930.spfit.2.txt,,
a001932.2.txt,,
a001932.spfit.2.txt,,
a001933.1.txt,,
a001933.3.txt,,
a001934.1.txt,,
a001936.2.txt,,
a001936.spfit.2.txt,,
a001943.4.txt,,
a001943.6.txt,,
a001943.7.txt,,
a001943.sp09.txt,,
a001943.sp103.txt,,
a001948.2.txt,,
a001948.spfit.2.txt,,
a001951.2.txt,,
a001951.sp72.txt,,
a001951.spfit.2.txt,,
a001967.1.txt,,
a001968.2.txt,,
a001968.spfit.2.txt,,
a001970.2.txt,,
a001970.spfit.2.txt,,
a001977.2.txt,,
a001977.spfit.2.txt,,
a001980.3.txt,,
a001980.8.txt,,
a001980.sp55.txt,,
a001981.3.txt,,
a001981.4.txt,,
a001981.sp126.txt,,
a001989.2.txt,,
a001989.spfit.2.txt,,
a001995.1.txt,,
a001998.2.txt,,
a001998.spfit.2.txt,,
a002001.2.txt,,
a002001.spfit.2.txt,,
a002011.1.txt,,
a002014.1.txt,,
a002014.3.txt,,
a002017.1.txt,,
a002019.2.txt,,
a002019.spfit.2.txt,,
a002022.2.txt,,
a002022.spfit.2.txt,,
a002024.1.txt,,
a002029.2.txt,,
a002029.spfit.2.txt,,
a002035.2.txt,,
a002035.spfit.2.txt,,
a002036.sp96.txt,,
a002038.2.txt,,
a002038.3.txt,,
a002038.spfit.2.txt,,
a002040.2.txt,,
a002040.spfit.2.txt,,
a002042.2.txt,,
a002042.spfit.2.txt,,
a002045.2.txt,,
a002045.3.txt,,
a002045.spfit.2.txt,,
a002053.2.txt,,
a002053.spfit.2.txt,,
a002056.2.txt,,
a002056.spfit.2.txt,,
a002060.1.txt,,
a002060.2.txt,,
a002060.spfit.2.txt,,
a002062.8.txt,,
a002062.sp115n2.txt,,
a002062.sp206.txt,,
a002063.7.txt,,
a002063.sp41.txt,,
a002064.2.txt,,
a002064.sp52.txt,,
a002064.spfit.2.txt,,
a002065.2.txt,,
a002065.spfit.2.txt,,
a002070.1.txt,,
a002073.2.txt,,
a002073.spfit.2.txt,,
a002074.1.txt,,
a002074.sp25.txt,,
a002078.1.txt,,
a002078.2.txt,,
a002078.3.txt,,
a002078.sp92.txt,,
a002078.spfit.2.txt,,
a002078visir8.visir.txt,,
a002085.2.txt,,
a002085.spfit.2.txt,,
a002086.2.txt,,
a002086.spfit.2.txt,,
a002087.2.txt,,
a002087.spfit.2.txt,,
a002088.2.txt,,
a002088.spfit.2.txt,,
a002089.2.txt,,
a002089.spfit.2.txt,,
a002091.1.txt,,
a002098.1.txt,,
a002099.2.txt,,
a002099.sp45.txt,,
a002099.spfit.2.txt,,
a002100.3.txt,,
a002100visir8.visir.txt,,
a002102.8.txt,,
a002105.1.txt,,
a002106.2.txt,,
a002106.spfit.2.txt,,
a002107.1.txt,,
a002107.2.txt,,
a002107.sp49.txt,,
a002107.spfit.2.txt,,
a002113.1.txt,,
a002118.2.txt,,
a002118.spfit.2.txt,,
a002119.1.txt,,
a002128.1.txt,,
a002130.1.txt,,
a002131.2.txt,,
a002131.spfit.2.txt,,
a002140.1.txt,,
a002141.2.txt,,
a002141.spfit.2.txt,,
a002143.1.txt,,
a002147.2.txt,,
a002147.spfit.2.txt,,
a002149.1.txt,,
a002152.2.txt,,
a002152.spfit.2.txt,,
a002157.2.txt,,
a002157.spfit.2.txt,,
a002159.1.txt,,
a002159.3.txt,,
a002161.2.txt,,
a002161.spfit.2.txt,,
a002167.2.txt,,
a002167.spfit.2.txt,,
a002169.2.txt,,
a002169.spfit.2.txt,,
a002174.1.txt,,
a002185.2.txt,,
a002185.spfit.2.txt,,
a002189.2.txt,,
a002189.spfit.2.txt,,
a002194.2.txt,,
a002194.spfit.2.txt,,
a002195.sp35.txt,,
a002201.8.txt,,
a002204.1.txt,,
a002212.sp57.txt,,
a002215.1.txt,,
a002223.as68.txt,,
a002231.2.txt,,
a002231.spfit.2.txt,,
a002234.2.txt,,
a002234.spfit.2.txt,,
a002244.2.txt,,
a002244.spfit.2.txt,,
a002246.2.txt,,
a002246.sp39.txt,,
a002246.spfit.2.txt,,
a002251.2.txt,,
a002251.spfit.2.txt,,
a002253.1.txt,,
a002258.2.txt,,
a002258.spfit.2.txt,,
a002259.1.txt,,
a002268.2.txt,,
a002268.spfit.2.txt,,
a002271.2.txt,,
a002271.spfit.2.txt,,
a002280.2.txt,,
a002280.spfit.2.txt,,
a002282.2.txt,,
a002282.spfit.2.txt,,
a002299.1.txt,,
a002299.3.txt,,
a002305.2.txt,,
a002305.spfit.2.txt,,
a002306.2.txt,,
a002306.spfit.2.txt,,
a002308.2.txt,,
a002308.spfit.2.txt,,
a002311.sp40.txt,,
a002316.2.txt,,
a002316.spfit.2.txt,,
a002317.2.txt,,
a002317.spfit.2.txt,,
a002327.1.txt,,
a002328.2.txt,,
a002328.spfit.2.txt,,
a002331.2.txt,,
a002331.spfit.2.txt,,
a002335.2.txt,,
a002335.sp45.txt,,
a002335.sp46.txt,,
a002335.spfit.2.txt,,
a002335visir8.visir.txt,,
a002340.8.txt,,
a002340.sp203.txt,,
a002346.2.txt,,
a002346.spfit.2.txt,,
a002349.2.txt,,
a002349.spfit.2.txt,,
a002353.2.txt,,
a002353.spfit.2.txt,,
a002354.2.txt,,
a002354.spfit.2.txt,,
a002365.1.txt,,
a002369.2.txt,,
a002369.spfit.2.txt,,
a002370.2.txt,,
a002370.spfit.2.txt,,
a002371.2.txt,,
a002371.spfit.2.txt,,
a002373.2.txt,,
a002373.spfit.2.txt,,
a002378.2.txt,,
a002378.sp40.txt,,
a002378.spfit.2.txt,,
a002380.2.txt,,
a002380.spfit.2.txt,,
a002382.2.txt,,
a002382.spfit.2.txt,,
a002386.2.txt,,
a002386.spfit.2.txt,,
a002390.2.txt,,
a002390.spfit.2.txt,,
a002396.2.txt,,
a002396.3.txt,,
a002396.spfit.2.txt,,
a002401.2.txt,,
a002401.spfit.2.txt,,
a002402.2.txt,,
a002402.spfit.2.txt,,
a002403.1.txt,,
a002409.2.txt,,
a002409.spfit.2.txt,,
a002410.2.txt,,
a002410.spfit.2.txt,,
a002420.1.txt,,
a002423.2.txt,,
a002423.spfit.2.txt,,
a002423visir8.visir.txt,,
a002427.2.txt,,
a002427.spfit.2.txt,,
a002428.2.txt,,
a002428.spfit.2.txt,,
a002430.2.txt,,
a002430.spfit.2.txt,,
a002438.2.txt,,
a002438.spfit.2.txt,,
a002440.1.txt,,
a002442.1.txt,,
a002442.3.txt,,
a002444.1.txt,,
a002444.2.txt,,
a002444.spfit.2.txt,,
a002446.2.txt,,
a002446.spfit.2.txt,,
a002448.2.txt,,
a002448.spfit.2.txt,,
a002449.sp93.txt,,
a002451.2.txt,,
a002451.spfit.2.txt,,
a002455.2.txt,,
a002455.spfit.2.txt,,
a002463.sp89.txt,,
a002465.2.txt,,
a002465.spfit.2.txt,,
a002467.2.txt,,
a002467.spfit.2.txt,,
a002468.2.txt,,
a002468.spfit.2.txt,,
a002478.2.txt,,
a002478.spfit.2.txt,,
a002482.2.txt,,
a002482.spfit.2.txt,,
a002493.2.txt,,
a002493.spfit.2.txt,,
a002501.2.txt,,
a002501.spfit.2.txt,,
a002503.1.txt,,
a002504.2.txt,,
a002504.spfit.2.txt,,
a002507.2.txt,,
a002507.spfit.2.txt,,
a002508.2.txt,,
a002508.spfit.2.txt,,
a002509.2.txt,,
a002509.spfit.2.txt,,
a002511.2.txt,,
a002511.3.txt,,
a002511.spfit.2.txt,,
a002521.2.txt,,
a002521.spfit.2.txt,,
a002527.2.txt,,
a002527.spfit.2.txt,,
a002538.1.txt,,
a002547.2.txt,,
a002547.spfit.2.txt,,
a002558.1.txt,,
a002559.2.txt,,
a002559.spfit.2.txt,,
a002560.2.txt,,
a002560.spfit.2.txt,,
a002566.2.txt,,
a002566.spfit.2.txt,,
a002567.2.txt,,
a002567.spfit.2.txt,,
a002569.2.txt,,
a002569.spfit.2.txt,,
a002575.2.txt,,
a002575.spfit.2.txt,,
a002579.2.txt,,
a002579.3.txt,,
a002579.spfit.2.txt,,
a002582.2.txt,,
a002582.spfit.2.txt,,
a002590.1.txt,,
a002590.3.txt,,
a002598.2.txt,,
a002598.spfit.2.txt,,
a002599.1.txt,,
a002604.2.txt,,
a002604.spfit.2.txt,,
a002606.2.txt,,
a002606.spfit.2.txt,,
a002625.2.txt,,
a002625.spfit.2.txt,,
a002629.2.txt,,
a002629.spfit.2.txt,,
a002631.2.txt,,
a002631.spfit.2.txt,,
a002635.2.txt,,
a002635.spfit.2.txt,,
a002640.2.txt,,
a002640.spfit.2.txt,,
a002645.1.txt,,
a002653.2.txt,,
a002653.3.txt,,
a002653.spfit.2.txt,,
a002659.2.txt,,
a002659.spfit.2.txt,,
a002675.2.txt,,
a002675.spfit.2.txt,,
a002681.2.txt,,
a002681.spfit.2.txt,,
a002703.2.txt,,
a002703.spfit.2.txt,,
a002704.2.txt,,
a002704.3.txt,,
a002704.spfit.2.txt,,
a002708.2.txt,,
a002708.spfit.2.txt,,
a002709.2.txt,,
a002709.spfit.2.txt,,
a002715.2.txt,,
a002715.3.txt,,
a002715.spfit.2.txt,,
a002720.2.txt,,
a002720.spfit.2.txt,,
a002724.2.txt,,
a002724.spfit.2.txt,,
a002728.1.txt,,
a002730.2.txt,,
a002730.spfit.2.txt,,
a002732.2.txt,,
a002732.3.txt,,
a002732.spfit.2.txt,,
a002733.2.txt,,
a002733.spfit.2.txt,,
a002736.2.txt,,
a002736.spfit.2.txt,,
a002737.2.txt,,
a002737.spfit.2.txt,,
a002744.2.txt,,
a002744.spfit.2.txt,,
a002746.2.txt,,
a002746.spfit.2.txt,,
a002748.2.txt,,
a002748.spfit.2.txt,,
a002750.2.txt,,
a002750.spfit.2.txt,,
a002754.2.txt,,
a002754.spfit.2.txt,,
a002762.2.txt,,
a002762.spfit.2.txt,,
a002763.2.txt,,
a002763.3.txt,,
a002763.spfit.2.txt,,
a002772.2.txt,,
a002772.spfit.2.txt,,
a002775.1.txt,,
a002778.2.txt,,
a002778.spfit.2.txt,,
a002789.2.txt,,
a002789.spfit.2.txt,,
a002790.1.txt,,
a002791.2.txt,,
a002791.spfit.2.txt,,
a002795.2.txt,,
a002795.3.txt,,
a002795.spfit.2.txt,,
a002801.2.txt,,
a002801.spfit.2.txt,,
a002807.2.txt,,
a002807.spfit.2.txt,,
a002809.2.txt,,
a002809.spfit.2.txt,,
a002813.2.txt,,
a002813.spfit.2.txt,,
a002816.2.txt,,
a002816.spfit.2.txt,,
a002818.2.txt,,
a002818.spfit.2.txt,,
a002823.sp48.txt,,
a002827.2.txt,,
a002827.spfit.2.txt,,
a002834.2.txt,,
a002834.spfit.2.txt,,
a002840.2.txt,,
a002840.spfit.2.txt,,
a002850.2.txt,,
a002850.sp48.txt,,
a002850.spfit.2.txt,,
a002851.2.txt,,
a002851.3.txt,,
a002851.spfit.2.txt,,
a002852.2.txt,,
a002852.spfit.2.txt,,
a002855.2.txt,,
a002855.spfit.2.txt,,
a002857.2.txt,,
a002857.spfit.2.txt,,
a002861.2.txt,,
a002861.spfit.2.txt,,
a002864.2.txt,,
a002864.spfit.2.txt,,
a002867.sp57.txt,,
a002867.sp58.txt,,
a002872.2.txt,,
a002872.spfit.2.txt,,
a002873.2.txt,,
a002873.3.txt,,
a002873.spfit.2.txt,,
a002874.2.txt,,
a002874.spfit.2.txt,,
a002875.2.txt,,
a002875.spfit.2.txt,,
a002879.2.txt,,
a002879.spfit.2.txt,,
a002881.2.txt,,
a002881.spfit.2.txt,,
a002892.2.txt,,
a002892.spfit.2.txt,,
a002902.2.txt,,
a002902.3.txt,,
a002902.spfit.2.txt,,
a002905.2.txt,,
a002905.spfit.2.txt,,
a002906.2.txt,,
a002906.spfit.2.txt,,
a002908.1.txt,,
a002911.2.txt,,
a002911.spfit.2.txt,,
a002912.2.txt,,
a002912.spfit.2.txt,,
a002917.2.txt,,
a002917.spfit.2.txt,,
a002919.sp56.txt,,
a002920.1.txt,,
a002923.1.txt,,
a002925.2.txt,,
a002925.spfit.2.txt,,
a002929.2.txt,,
a002929.spfit.2.txt,,
a002930.2.txt,,
a002930.spfit.2.txt,,
a002934.2.txt,,
a002934.spfit.2.txt,,
a002946.1.txt,,
a002949.2.txt,,
a002949.spfit.2.txt,,
a002952.2.txt,,
a002952.spfit.2.txt,,
a002953.2.txt,,
a002953.spfit.2.txt,,
a002955.2.txt,,
a002955.spfit.2.txt,,
a002956.2.txt,,
a002956.sp65.txt,,
a002956.spfit.2.txt,,
a002957.2.txt,,
a002957.3.txt,,
a002957.spfit.2.txt,,
a002965.1.txt,,
a002966.1.txt,,
a002973.2.txt,,
a002973.spfit.2.txt,,
a002977.2.txt,,
a002977.spfit.2.txt,,
a002988.2.txt,,
a002988.spfit.2.txt,,
a002990.sp96.txt,,
a002996.2.txt,,
a002996.spfit.2.txt,,
a003000.2.txt,,
a003000.spfit.2.txt,,
a003007.2.txt,,
a003007.spfit.2.txt,,
a003020.2.txt,,
a003020.spfit.2.txt,,
a003028.2.txt,,
a003028.spfit.2.txt,,
a003029.sp97.txt,,
a003037.2.txt,,
a003037.spfit.2.txt,,
a003040.2.txt,,
a003040.spfit.2.txt,,
a003060.2.txt,,
a003060.spfit.2.txt,,
a003065.2.txt,,
a003065.spfit.2.txt,,
a003074.2.txt,,
a003074.spfit.2.txt,,
a003085.2.txt,,
a003085.spfit.2.txt,,
a003090.2.txt,,
a003090.spfit.2.txt,,
a003096.2.txt,,
a003096.spfit.2.txt,,
a003102.sp02.txt,,
a003102visir8.visir.txt,,
a003103.3.txt,,
a003103.sp06.txt,,
a003103visir8.visir.txt,,
a003109.1.txt,,
a003121.2.txt,,
a003121.spfit.2.txt,,
a003122.3.txt,,
a003122.sp27.txt,,
a003122visir8.visir.txt,,
a003137.2.txt,,
a003137.spfit.2.txt,,
a003151.2.txt,,
a003151.spfit.2.txt,,
a003153.1.txt,,
a003155.1.txt,,
a003155.2.txt,,
a003155.3.txt,,
a003155.spfit.2.txt,,
a003158.1.txt,,
a003167.1.txt,,
a003167.3.txt,,
a003169.2.txt,,
a003169.spfit.2.txt,,
a003170.2.txt,,
a003170.spfit.2.txt,,
a003175.2.txt,,
a003175.spfit.2.txt,,
a003179.2.txt,,
a003179.spfit.2.txt,,
a003181.2.txt,,
a003181.spfit.2.txt,,
a003192.2.txt,,
a003192.spfit.2.txt,,
a003197.2.txt,,
a003197.spfit.2.txt,,
a003198.2.txt,,
a003198.spfit.2.txt,,
a003199.3.txt,,
a003199.sp03.txt,,
a003199.sp36.txt,,
a003199visir8.visir.txt,,
a003200.4.txt,,
a003200.8.txt,,
a003200.dm19n2.txt,,
a003200.sp19.txt,,
a003200.sp204n1.txt,,
a003200.sp204n2.txt,,
a003200.sp34.txt,,
a003209.2.txt,,
a003209.spfit.2.txt,,
a003214.2.txt,,
a003214.spfit.2.txt,,
a003216.2.txt,,
a003216.spfit.2.txt,,
a003220.1.txt,,
a003224.2.txt,,
a003224.spfit.2.txt,,
a003231.1.txt,,
a003248.2.txt,,
a003248.sp39.txt,,
a003248.spfit.2.txt,,
a003249.2.txt,,
a003249.spfit.2.txt,,
a003254.2.txt,,
a003254.spfit.2.txt,,
a003255.2.txt,,
a003255.spfit.2.txt,,
a003256.2.txt,,
a003256.spfit.2.txt,,
a003258.2.txt,,
a003258.spfit.2.txt,,
a003262.2.txt,,
a003262.spfit.2.txt,,
a003265.2.txt,,
a003265.spfit.2.txt,,
a003268.1.txt,,
a003268.3.txt,,
a003285.1.txt,,
a003287.2.txt,,
a003287.spfit.2.txt,,
a003288.8.txt,,
a003288.sp67.txt,,
a003288.sp71.txt,,
a003288.sp99.txt,,
a003306.2.txt,,
a003306.spfit.2.txt,,
a003307.2.txt,,
a003307.3.txt,,
a003307.spfit.2.txt,,
a003309.2.txt,,
a003309.spfit.2.txt,,
a003311.2.txt,,
a003311.spfit.2.txt,,
a003314.2.txt,,
a003314.spfit.2.txt,,
a003317.2.txt,,
a003317.sp50.txt,,
a003317.spfit.2.txt,,
a003320.2.txt,,
a003320.spfit.2.txt,,
a003321.1.txt,,
a003332.1.txt,,
a003340.2.txt,,
a003340.spfit.2.txt,,
a003345.2.txt,,
a003345.spfit.2.txt,,
a003349.2.txt,,
a003349.spfit.2.txt,,
a003352.3.txt,,
a003352.sp103.txt,,
a003352.sp106.txt,,
a003352visir8.visir.txt,,
a003354.1.txt,,
a003361.sp45.txt,,
a003363.2.txt,,
a003363.3.txt,,
a003363.spfit.2.txt,,
a003364.2.txt,,
a003364.spfit.2.txt,,
a003365.2.txt,,
a003365.spfit.2.txt,,
a003367.2.txt,,
a003367.spfit.2.txt,,
a003371.2.txt,,
a003371.spfit.2.txt,,
a003375.2.txt,,
a003375.spfit.2.txt,,
a003376.2.txt,,
a003376.3.txt,,
a003376.spfit.2.txt,,
a003381.1.txt,,
a003385.2.txt,,
a003385.spfit.2.txt,,
a003389.2.txt,,
a003389.spfit.2.txt,,
a003394.2.txt,,
a003394.spfit.2.txt,,
a003395.2.txt,,
a003395.spfit.2.txt,,
a003401.2.txt,,
a003401.spfit.2.txt,,
a003402.sp25.txt,,
a003406.2.txt,,
a003406.spfit.2.txt,,
a003416.2.txt,,
a003416.spfit.2.txt,,
a003417.2.txt,,
a003417.spfit.2.txt,,
a003430.2.txt,,
a003430.spfit.2.txt,,
a003431.1.txt,,
a003435.2.txt,,
a003435.spfit.2.txt,,
a003440.2.txt,,
a003440.spfit.2.txt,,
a003443.2.txt,,
a003443.spfit.2.txt,,
a003451.2.txt,,
a003451.spfit.2.txt,,
a003458.2.txt,,
a003458.spfit.2.txt,,
a003474.2.txt,,
a003474.3.txt,,
a003474.spfit.2.txt,,
a003485.sp94.txt,,
a003491.2.txt,,
a003491.spfit.2.txt,,
a003493.2.txt,,
a003493.spfit.2.txt,,
a003494.1.txt,,
a003498.2.txt,,
a003498.spfit.2.txt,,
a003501.1.txt,,
a003507.2.txt,,
a003507.spfit.2.txt,,
a003511.2.txt,,
a003511.spfit.2.txt,,
a003523.1.txt,,
a003526.2.txt,,
a003526.spfit.2.txt,,
a003527.2.txt,,
a003527.spfit.2.txt,,
a003528.1.txt,,
a003533.2.txt,,
a003533.spfit.2.txt,,
a003534.2.txt,,
a003534.spfit.2.txt,,
a003536.2.txt,,
a003536.spfit.2.txt,,
a003542.2.txt,,
a003542.spfit.2.txt,,
a003545.2.txt,,
a003545.3.txt,,
a003545.spfit.2.txt,,
a003546.2.txt,,
a003546.spfit.2.txt,,
a003552.sp85.txt,,
a003552visir8.visir.txt,,
a003554.sp78.txt,,
a003554.sp88.txt,,
a003554.sp89.txt,,
a003554.sp98.txt,,
a003559.1.txt,,
a003563.2.txt,,
a003563.spfit.2.txt,,
a003566.2.txt,,
a003566.spfit.2.txt,,
a003567.2.txt,,
a003567.spfit.2.txt,,
a003575.2.txt,,
a003575.spfit.2.txt,,
a003576.2.txt,,
a003576.spfit.2.txt,,
a003578.1.txt,,
a003579.2.txt,,
a003579.spfit.2.txt,,
a003581.2.txt,,
a003581.spfit.2.txt,,
a003586.1.txt,,
a003587.2.txt,,
a003587.spfit.2.txt,,
a003592.2.txt,,
a003592.spfit.2.txt,,
a003611.2.txt,,
a003611.spfit.2.txt,,
a003613.sp91.txt,,
a003613.sp92.txt,,
a003627.2.txt,,
a003627.spfit.2.txt,,
a003628.1.txt,,
a003628.2.txt,,
a003628.3.txt,,
a003628.4.txt,,
a003628.sp50.txt,,
a003628.spfit.2.txt,,
a003630.2.txt,,
a003630.spfit.2.txt,,
a003635.2.txt,,
a003635.sp47.txt,,
a003635.spfit.2.txt,,
a003636.2.txt,,
a003636.spfit.2.txt,,
a003640.2.txt,,
a003640.spfit.2.txt,,
a003642.2.txt,,
a003642.spfit.2.txt,,
a003645.2.txt,,
a003645.spfit.2.txt,,
a003647.2.txt,,
a003647.spfit.2.txt,,
a003654.2.txt,,
a003654.spfit.2.txt,,
a003657.1.txt,,
a003657.3.txt,,
a003658.2.txt,,
a003658.spfit.2.txt,,
a003665.1.txt,,
a003669.2.txt,,
a003669.spfit.2.txt,,
a003670.2.txt,,
a003670.spfit.2.txt,,
a003671.8.txt,,
a003671.sp91.txt,,
a003674.1.txt,,
a003674.2.txt,,
a003674.sp92.txt,,
a003674.spfit.2.txt,,
a003674visir8.visir.txt,,
a003677.1.txt,,
a003678.2.txt,,
a003678.spfit.2.txt,,
a003684.2.txt,,
a003684.spfit.2.txt,,
a003686.2.txt,,
a003686.spfit.2.txt,,
a003687.2.txt,,
a003687.spfit.2.txt,,
a003691.8.txt,,
a003691.sp68.txt,,
a003700.2.txt,,
a003700.spfit.2.txt,,
a003701.2.txt,,
a003701.spfit.2.txt,,
a003703.sp51.txt,,
a003704.2.txt,,
a003704.spfit.2.txt,,
a003710.2.txt,,
a003710.spfit.2.txt,,
a003712.2.txt,,
a003712.spfit.2.txt,,
a003713.2.txt,,
a003713.spfit.2.txt,,
a003730.2.txt,,
a003730.spfit.2.txt,,
a003734.2.txt,,
a003734.spfit.2.txt,,
a003737.2.txt,,
a003737.spfit.2.txt,,
a003740.1.txt,,
a003744.2.txt,,
a003744.spfit.2.txt,,
a003748.1.txt,,
a003749.sp121n2.txt,,
a003753.3.txt,,
a003753.sp17.txt,,
a003753.sp45.txt,,
a003753visir8.visir.txt,,
a003759.1.txt,,
a003759.2.txt,,
a003759.spfit.2.txt,,
a003760.1.txt,,
a003762.2.txt,,
a003762.spfit.2.txt,,
a003767.2.txt,,
a003767.3.txt,,
a003767.spfit.2.txt,,
a003775.2.txt,,
a003775.spfit.2.txt,,
a003782.2.txt,,
a003782.3.txt,,
a003782.spfit.2.txt,,
a003788.2.txt,,
a003788.spfit.2.txt,,
a003792.1.txt,,
a003792.2.txt,,
a003792.spfit.2.txt,,
a003796.2.txt,,
a003796.spfit.2.txt,,
a003800.2.txt,,
a003800.spfit.2.txt,,
a003809.2.txt,,
a003809.spfit.2.txt,,
a003813.2.txt,,
a003813.spfit.2.txt,,
a003819.2.txt,,
a003819.3.txt,,
a003819.sp84.txt,,
a003819.sp85.txt,,
a003819.spfit.2.txt,,
a003824.2.txt,,
a003824.spfit.2.txt,,
a003827.2.txt,,
a003827.spfit.2.txt,,
a003829.2.txt,,
a003829.spfit.2.txt,,
a003831.2.txt,,
a003831.spfit.2.txt,,
a003833.2.txt,,
a003833.sp92.txt,,
a003833.spfit.2.txt,,
a003841.2.txt,,
a003841.spfit.2.txt,,
a003844.2.txt,,
a003844.spfit.2.txt,,
a003849.2.txt,,
a003849.3.txt,,
a003849.spfit.2.txt,,
a003850.2.txt,,
a003850.spfit.2.txt,,
a003853.2.txt,,
a003853.spfit.2.txt,,
a003858.2.txt,,
a003858.3.txt,,
a003858.sp28.txt,,
a003858.spfit.2.txt,,
a003860.2.txt,,
a003860.spfit.2.txt,,
a003861.2.txt,,
a003861.spfit.2.txt,,
a003862.2.txt,,
a003862.spfit.2.txt,,
a003865.2.txt,,
a003865.spfit.2.txt,,
a003869.1.txt,,
a003873.2.txt,,
a003873.sp32.txt,,
a003873.spfit.2.txt,,
a003885.2.txt,,
a003885.spfit.2.txt,,
a003886.2.txt,,
a003886.spfit.2.txt,,
a003900.2.txt,,
a003900.spfit.2.txt,,
a003903.2.txt,,
a003903.3.txt,,
a003903.spfit.2.txt,,
a003908.3.txt,,
a003908.7.txt,,
a003908.8.txt,,
a003908.sp30.txt,,
a003908visir8.visir.txt,,
a003910.2.txt,,
a003910.spfit.2.txt,,
a003915.1.txt,,
a003920.2.txt,,
a003920.spfit.2.txt,,
a003935.1.txt,,
a003944.1.txt,,
a003944.3.txt,,
a003949.2.txt,,
a003949.spfit.2.txt,,
a003958.2.txt,,
a003958.spfit.2.txt,,
a003963.1.txt,,
a003968.1.txt,,
a003968.3.txt,,
a003971.2.txt,,
a003971.spfit.2.txt,,
a003972.2.txt,,
a003972.spfit.2.txt,,
a003976.2.txt,,
a003976.spfit.2.txt,,
a003985.2.txt,,
a003985.spfit.2.txt,,
a003988.sp100.txt,,
a003999.1.txt,,
a004001.2.txt,,
a004001.spfit.2.txt,,
a004002.1.txt,,
a004005.1.txt,,
a004005.3.txt,,
a004006.1.txt,,
a004015.sp81.txt,,
a004025.1.txt,,
a004031.1.txt,,
a004033.2.txt,,
a004033.spfit.2.txt,,
a004034.8.txt,,
a004034.sp119n2.txt,,
a004036.2.txt,,
a004036.spfit.2.txt,,
a004037.2.txt,,
a004037.spfit.2.txt,,
a004038.1.txt,,
a004038.3.txt,,
a004039.2.txt,,
a004039.spfit.2.txt,,
a004051.2.txt,,
a004051.3.txt,,
a004051.spfit.2.txt,,
a004055.sp208.txt,,
a004055.sp38.txt,,
a004055visir8.visir.txt,,
a004062.1.txt,,
a004062.3.txt,,
a004072.2.txt,,
a004072.spfit.2.txt,,
a004082.2.txt,,
a004082.spfit.2.txt,,
a004085.1.txt,,
a004096.2.txt,,
a004096.spfit.2.txt,,
a004104.1.txt,,
a004107.2.txt,,
a004107.spfit.2.txt,,
a004116.2.txt,,
a004116.spfit.2.txt,,
a004124.2.txt,,
a004124.spfit.2.txt,,
a004135.2.txt,,
a004135.spfit.2.txt,,
a004142.2.txt,,
a004142.3.txt,,
a004142.6.txt,,
a004142.spfit.2.txt,,
a004145.1.txt,,
a004145.3.txt,,
a004147.1.txt,,
a004147.3.txt,,
a004156.1.txt,,
a004156.2.txt,,
a004156.spfit.2.txt,,
a004157.2.txt,,
a004157.spfit.2.txt,,
a004159.1.txt,,
a004165.1.txt,,
a004179.1.txt,,
a004179.8.txt,,
a004179.sp03.txt,,
a004179.sp115n1.txt,,
a004179.sp116.txt,,
a004179.sp30.txt,,
a004179.sp73.txt,,
a004179.sp74.txt,,
a004182.2.txt,,
a004182.spfit.2.txt,,
a004183.8.txt,,
a004183.sp103.txt,,
a004188.2.txt,,
a004188.3.txt,,
a004188.spfit.2.txt,,
a004194.2.txt,,
a004194.spfit.2.txt,,
a004197.8.txt,,
a004197.sp25.txt,,
a004200.2.txt,,
a004200.spfit.2.txt,,
a004205.2.txt,,
a004205.spfit.2.txt,,
a004215.1.txt,,
a004215.2.txt,,
a004215.3.txt,,
a004215.spfit.2.txt,,
a004219.1.txt,,
a004222.2.txt,,
a004222.spfit.2.txt,,
a004256.2.txt,,
a004256.spfit.2.txt,,
a004261.2.txt,,
a004261.spfit.2.txt,,
a004265.2.txt,,
a004265.spfit.2.txt,,
a004272.2.txt,,
a004272.spfit.2.txt,,
a004276.2.txt,,
a004276.spfit.2.txt,,
a004280.2.txt,,
a004280.spfit.2.txt,,
a004282.1.txt,,
a004284.2.txt,,
a004284.spfit.2.txt,,
a004287.2.txt,,
a004287.spfit.2.txt,,
a004292.2.txt,,
a004292.spfit.2.txt,,
a004297.2.txt,,
a004297.spfit.2.txt,,
a004299.2.txt,,
a004299.spfit.2.txt,,
a004304.2.txt,,
a004304.spfit.2.txt,,
a004305.2.txt,,
a004305.spfit.2.txt,,
a004311.2.txt,,
a004311.3.txt,,
a004311.spfit.2.txt,,
a004327.2.txt,,
a004327.spfit.2.txt,,
a004332.2.txt,,
a004332.spfit.2.txt,,
a004340.2.txt,,
a004340.spfit.2.txt,,
a004341.8.txt,,
a004342.2.txt,,
a004342.spfit.2.txt,,
a004343.2.txt,,
a004343.spfit.2.txt,,
a004352.2.txt,,
a004352.spfit.2.txt,,
a004353.1.txt,,
a004353.2.txt,,
a004353.spfit.2.txt,,
a004369.2.txt,,
a004369.spfit.2.txt,,
a004370.1.txt,,
a004372.2.txt,,
a004372.spfit.2.txt,,
a004373.1.txt,,
a004374.2.txt,,
a004374.spfit.2.txt,,
a004376.1.txt,,
a004382.2.txt,,
a004382.spfit.2.txt,,
a004387.2.txt,,
a004387.spfit.2.txt,,
a004390.2.txt,,
a004390.spfit.2.txt,,
a004396.2.txt,,
a004396.spfit.2.txt,,
a004401.sp203.txt,,
a004402.sp107.txt,,
a004407.2.txt,,
a004407.3.txt,,
a004407.spfit.2.txt,,
a004417.2.txt,,
a004417.spfit.2.txt,,
a004422.2.txt,,
a004422.spfit.2.txt,,
a004424.2.txt,,
a004424.spfit.2.txt,,
a004426.2.txt,,
a004426.spfit.2.txt,,
a004434.2.txt,,
a004434.spfit.2.txt,,
a004435.2.txt,,
a004435.spfit.2.txt,,
a004440.1.txt,,
a004450.sp124.txt,,
a004451.8.txt,,
a004455.sp85.txt,,
a004455.sp87.txt,,
a004456.2.txt,,
a004456.spfit.2.txt,,
a004461.2.txt,,
a004461.spfit.2.txt,,
a004479.2.txt,,
a004479.spfit.2.txt,,
a004486.sp02.txt,,
a004491.2.txt,,
a004491.spfit.2.txt,,
a004503.3.txt,,
a004503.8.txt,,
a004510.1.txt,,
a004512.2.txt,,
a004512.3.txt,,
a004512.spfit.2.txt,,
a004516.2.txt,,
a004516.spfit.2.txt,,
a004523.2.txt,,
a004523.spfit.2.txt,,
a004534.2.txt,,
a004534.spfit.2.txt,,
a004536.2.txt,,
a004536.spfit.2.txt,,
a004544.sp58.txt,,
a004546.1.txt,,
a004547.2.txt,,
a004547.spfit.2.txt,,
a004548.2.txt,,
a004548.spfit.2.txt,,
a004552.4.txt,,
a004558.2.txt,,
a004558.sp29.txt,,
a004558.spfit.2.txt,,
a004562.1.txt,,
a004570.2.txt,,
a004570.spfit.2.txt,,
a004580.sp89.txt,,
a004584.2.txt,,
a004584.spfit.2.txt,,
a004591.2.txt,,
a004591.spfit.2.txt,,
a004604.2.txt,,
a004604.spfit.2.txt,,
a004606.1.txt,,
a004606.3.txt,,
a004607.2.txt,,
a004607.spfit.2.txt,,
a004610.2.txt,,
a004610.spfit.2.txt,,
a004611.2.txt,,
a004611.spfit.2.txt,,
a004619.2.txt,,
a004619.spfit.2.txt,,
a004628.2.txt,,
a004628.spfit.2.txt,,
a004635.1.txt,,
a004640.1.txt,,
a004649.2.txt,,
a004649.spfit.2.txt,,
a004650.2.txt,,
a004650.spfit.2.txt,,
a004660.6.txt,,
a004673.1.txt,,
a004674.sp109.txt,,
a004678.2.txt,,
a004678.spfit.2.txt,,
a004682.2.txt,,
a004682.spfit.2.txt,,
a004686.2.txt,,
a004686.spfit.2.txt,,
a004688.8.txt,,
a004688.sp03.txt,,
a004701.2.txt,,
a004701.spfit.2.txt,,
a004702.2.txt,,
a004702.spfit.2.txt,,
a004706.2.txt,,
a004706.spfit.2.txt,,
a004711.2.txt,,
a004711.spfit.2.txt,,
a004713.2.txt,,
a004713.3.txt,,
a004713.spfit.2.txt,,
a004718.2.txt,,
a004718.spfit.2.txt,,
a004719.2.txt,,
a004719.spfit.2.txt,,
a004726.2.txt,,
a004726.spfit.2.txt,,
a004733.2.txt,,
a004733.spfit.2.txt,,
a004737.2.txt,,
a004737.spfit.2.txt,,
a004744.2.txt,,
a004744.sp64.txt,,
a004744.spfit.2.txt,,
a004748.2.txt,,
a004748.spfit.2.txt,,
a004750.2.txt,,
a004750.spfit.2.txt,,
a004761.1.txt,,
a004767.2.txt,,
a004767.spfit.2.txt,,
a004769.sp111.txt,,
a004774.2.txt,,
a004774.spfit.2.txt,,
a004786.2.txt,,
a004786.spfit.2.txt,,
a004796.2.txt,,
a004796.spfit.2.txt,,
a004804.2.txt,,
a004804.spfit.2.txt,,
a004817.2.txt,,
a004817.spfit.2.txt,,
a004824.2.txt,,
a004824.spfit.2.txt,,
a004838.2.txt,,
a004838.spfit.2.txt,,
a004839.2.txt,,
a004839.spfit.2.txt,,
a004844.2.txt,,
a004844.spfit.2.txt,,
a004845.2.txt,,
a004845.spfit.2.txt,,
a004849.2.txt,,
a004849.spfit.2.txt,,
a004853.2.txt,,
a004853.spfit.2.txt,,
a004884.2.txt,,
a004884.spfit.2.txt,,
a004900.2.txt,,
a004900.3.txt,,
a004900.spfit.2.txt,,
a004905.sp123.txt,,
a004909.2.txt,,
a004909.spfit.2.txt,,
a004910.2.txt,,
a004910.spfit.2.txt,,
a004917.2.txt,,
a004917.spfit.2.txt,,
a004923.2.txt,,
a004923.spfit.2.txt,,
a004939.1.txt,,
a004942.2.txt,,
a004942.spfit.2.txt,,
a004944.2.txt,,
a004944.spfit.2.txt,,
a004945.2.txt,,
a004945.spfit.2.txt,,
a004947.8.txt,,
a004948.1.txt,,
a004950.2.txt,,
a004950.spfit.2.txt,,
a004951.2.txt,,
a004951.spfit.2.txt,,
a004954.3.txt,,
a004954.sp61.txt,,
a004954.sp64.txt,,
a004954visir8.visir.txt,,
a004956.1.txt,,
a004957.8.txt,,
a004968.2.txt,,
a004968.3.txt,,
a004968.spfit.2.txt,,
a004969.2.txt,,
a004969.spfit.2.txt,,
a004977.2.txt,,
a004977.spfit.2.txt,,
a004982.2.txt,,
a004982.spfit.2.txt,,
a004993.2.txt,,
a004993.spfit.2.txt,,
a004995.2.txt,,
a004995.spfit.2.txt,,
a004997.2.txt,,
a004997.spfit.2.txt,,
a005008.2.txt,,
a005008.spfit.2.txt,,
a005010.2.txt,,
a005010.spfit.2.txt,,
a005011.sp56.txt,,
a005013.2.txt,,
a005013.spfit.2.txt,,
a005026.sp107.txt,,
a005038.2.txt,,
a005038.spfit.2.txt,,
a005051.2.txt,,
a005051.spfit.2.txt,,
a005065.1.txt,,
a005067.2.txt,,
a005067.spfit.2.txt,,
a005069.2.txt,,
a005069.spfit.2.txt,,
a005079.2.txt,,
a005079.spfit.2.txt,,
a005081.2.txt,,
a005081.spfit.2.txt,,
a005087.2.txt,,
a005087.spfit.2.txt,,
a005091.2.txt,,
a005091.spfit.2.txt,,
a005102.2.txt,,
a005102.spfit.2.txt,,
a005103.2.txt,,
a005103.spfit.2.txt,,
a005108.2.txt,,
a005108.spfit.2.txt,,
a005111.2.txt,,
a005111.spfit.2.txt,,
a005118.1.txt,,
a005131.3.txt,,
a005131.sp67.txt,,
a005131.sp87.txt,,
a005131visir8.visir.txt,,
a005133.2.txt,,
a005133.spfit.2.txt,,
a005134.2.txt,,
a005134.spfit.2.txt,,
a005142.2.txt,,
a005142.spfit.2.txt,,
a005143.1.txt,,
a005143.8.txt,,
a005143.sp55.txt,,
a005145.1.txt,,
a005159.2.txt,,
a005159.sp201n1.txt,,
a005159.spfit.2.txt,,
a005184.2.txt,,
a005184.spfit.2.txt,,
a005195.2.txt,,
a005195.3.txt,,
a005195.spfit.2.txt,,
a005196.2.txt,,
a005196.spfit.2.txt,,
a005208.2.txt,,
a005208.spfit.2.txt,,
a005209.sp97.txt,,
a005214.2.txt,,
a005214.spfit.2.txt,,
a005222.2.txt,,
a005222.spfit.2.txt,,
a005227.2.txt,,
a005227.spfit.2.txt,,
a005230.2.txt,,
a005230.spfit.2.txt,,
a005234.2.txt,,
a005234.spfit.2.txt,,
a005240.2.txt,,
a005240.spfit.2.txt,,
a005242.2.txt,,
a005242.spfit.2.txt,,
a005243.2.txt,,
a005243.spfit.2.txt,,
a005253.2.txt,,
a005253.spfit.2.txt,,
a005261.2.txt,,
a005261.sp41.txt,,
a005261.spfit.2.txt,,
a005275.2.txt,,
a005275.spfit.2.txt,,
a005275visir8.visir.txt,,
a005292.sp55.txt,,
a005294.2.txt,,
a005294.spfit.2.txt,,
a005318.2.txt,,
a005318.spfit.2.txt,,
a005329.2.txt,,
a005329.spfit.2.txt,,
a005330.2.txt,,
a005330.spfit.2.txt,,
a005332.sp47.txt,,
a005333.2.txt,,
a005333.spfit.2.txt,,
a005344.2.txt,,
a005344.spfit.2.txt,,
a005348.2.txt,,
a005348.spfit.2.txt,,
a005349.2.txt,,
a005349.spfit.2.txt,,
a005364.2.txt,,
a005364.spfit.2.txt,,
a005379.2.txt,,
a005379.sp51.txt,,
a005379.spfit.2.txt,,
a005392.2.txt,,
a005392.sp95.txt,,
a005392.spfit.2.txt,,
a005397.2.txt,,
a005397.spfit.2.txt,,
a005401.2.txt,,
a005401.spfit.2.txt,,
a005407.2.txt,,
a005407.spfit.2.txt,,
a005416.2.txt,,
a005416.spfit.2.txt,,
a005438.2.txt,,
a005438.spfit.2.txt,,
a005448.2.txt,,
a005448.spfit.2.txt,,
a005467.2.txt,,
a005467.spfit.2.txt,,
a005482.2.txt,,
a005482.spfit.2.txt,,
a005485.2.txt,,
a005485.spfit.2.txt,,
a005492.2.txt,,
a005492.spfit.2.txt,,
a005496.sp96.txt,,
a005510.2.txt,,
a005510.spfit.2.txt,,
a005534.2.txt,,
a005534.spfit.2.txt,,
a005552.2.txt,,
a005552.spfit.2.txt,,
a005553.2.txt,,
a005553.spfit.2.txt,,
a005563.2.txt,,
a005563.spfit.2.txt,,
a005565.2.txt,,
a005565.spfit.2.txt,,
a005576.2.txt,,
a005576.spfit.2.txt,,
a005577.sp101.txt,,
a005585.2.txt,,
a005585.spfit.2.txt,,
a005587.8.txt,,
a005587.sp05.txt,,
a005588.2.txt,,
a005588.spfit.2.txt,,
a005591.2.txt,,
a005591.spfit.2.txt,,
a005595.2.txt,,
a005595.spfit.2.txt,,
a005604.7.txt,,
a005604.sp05.txt,,
a005604.sp80.txt,,
a005604visir8.visir.txt,,
a005610.2.txt,,
a005610.spfit.2.txt,,
a005620.sp81.txt,,
a005622.2.txt,,
a005622.spfit.2.txt,,
a005626.8.txt,,
a005626.sp84.txt,,
a005632.2.txt,,
a005632.spfit.2.txt,,
a005641.2.txt,,
a005641.sp25.txt,,
a005641.sp38.txt,,
a005641.sp42.txt,,
a005641.spfit.2.txt,,
a005641visir8.visir.txt,,
a005642.sp30.txt,,
a005645.sp119n1.txt,,
a005645.sp12.txt,,
a005646.8.txt,,
a005646.sp112p2.txt,,
a005646.sp115n1.txt,,
a005647.2.txt,,
a005647.spfit.2.txt,,
a005649.2.txt,,
a005649.spfit.2.txt,,
a005653.sp35.txt,,
a005660.8.txt,,
a005660.sp43.txt,,
a005678.2.txt,,
a005678.spfit.2.txt,,
a005685.2.txt,,
a005685.spfit.2.txt,,
a005690.2.txt,,
a005690.spfit.2.txt,,
a005693.3.txt,,
a005693.sp58.txt,,
a005720.sp67.txt,,
a005732.2.txt,,
a005732.spfit.2.txt,,
a005751.8.txt,,
a005786.sp08.txt,,
a005817.2.txt,,
a005817.sp31.txt,,
a005817.spfit.2.txt,,
a005828.8.txt,,
a005836.3.txt,,
a005836.sp108.txt,,
a005836.sp110.txt,,
a005836visir8.visir.txt,,
a005840.2.txt,,
a005840.3.txt,,
a005840.spfit.2.txt,,
a005892.2.txt,,
a005892.spfit.2.txt,,
a005956.2.txt,,
a005956.spfit.2.txt,,
a005965.2.txt,,
a005965.3.txt,,
a005965.spfit.2.txt,,
a006005.2.txt,,
a006005.spfit.2.txt,,
a006037.sp123.txt,,
a006047.3.txt,,
a006047.sp45.txt,,
a006047visir8.visir.txt,,
a006053.8.txt,,
a006063.sp125n2.txt,,
a006063.sp26.txt,,
a006070.sp125n1.txt,,
a006070.sp126.txt,,
a006071.2.txt,,
a006071.spfit.2.txt,,
a006077.2.txt,,
a006077.spfit.2.txt,,
a006078.2.txt,,
a006078.spfit.2.txt,,
a006086.2.txt,,
a006086.spfit.2.txt,,
a006129.2.txt,,
a006129.spfit.2.txt,,
a006146.2.txt,,
a006146.spfit.2.txt,,
a006178.sp42.txt,,
a006192.2.txt,,
a006192.spfit.2.txt,,
a006211.2.txt,,
a006211.spfit.2.txt,,
a006230.2.txt,,
a006230.spfit.2.txt,,
a006233.2.txt,,
a006233.spfit.2.txt,,
a006239.as68.txt,,
a006239.sp27.txt,,
a006239.sp93.txt,,
a006249.2.txt,,
a006249.sp93.txt,,
a006249.spfit.2.txt,,
a006283.2.txt,,
a006283.spfit.2.txt,,
a006354.2.txt,,
a006354.spfit.2.txt,,
a006364.2.txt,,
a006364.spfit.2.txt,,
a006386.2.txt,,
a006386.sp36.txt,,
a006386.spfit.2.txt,,
a006410.2.txt,,
a006410.spfit.2.txt,,
a006411.as68.txt,,
a006411.sp28.txt,,
a006455.8.txt,,
a006455.sp107.txt,,
a006455.sp11.txt,,
a006455.sp19.txt,,
a006456.sp43.txt,,
a006489.3.txt,,
a006489visir8.visir.txt,,
a006500.2.txt,,
a006500.spfit.2.txt,,
a006509.2.txt,,
a006509.spfit.2.txt,,
a006569.8.txt,,
a006582.2.txt,,
a006582.spfit.2.txt,,
a006585.2.txt,,
a006585.sp55.txt,,
a006585.spfit.2.txt,,
a006592.2.txt,,
a006592.spfit.2.txt,,
a006611.8.txt,,
a006611.sp40.txt,,
a006669.2.txt,,
a006669.spfit.2.txt,,
a006704.2.txt,,
a006704.spfit.2.txt,,
a006716.2.txt,,
a006716.spfit.2.txt,,
a006782.2.txt,,
a006782.spfit.2.txt,,
a006847.2.txt,,
a006847.spfit.2.txt,,
a006906.2.txt,,
a006906.spfit.2.txt,,
a006907.2.txt,,
a006907.spfit.2.txt,,
a006908.2.txt,,
a006908.spfit.2.txt,,
a007056.2.txt,,
a007056.spfit.2.txt,,
a007081.2.txt,,
a007081.3.txt,,
a007081.spfit.2.txt,,
a007092.sp29.txt,,
a007092.sp71.txt,,
a007110.2.txt,,
a007110.spfit.2.txt,,
a007170.2.txt,,
a007170.spfit.2.txt,,
a007172.sp110.txt,,
a007211.2.txt,,
a007211.spfit.2.txt,,
a007224.2.txt,,
a007224.spfit.2.txt,,
a007225.2.txt,,
a007225.spfit.2.txt,,
a007245.2.txt,,
a007245.spfit.2.txt,,
a007304.2.txt,,
a007304.sp59.txt,,
a007304.spfit.2.txt,,
a007336.8.txt,,
a007336.sp93.txt,,
a007341.1.txt,,
a007341.8.txt,,
a007341.sp103.txt,,
a007341.sp11.txt,,
a007350.sp113n1.txt,,
a007350.sp30.txt,,
a007350.sp39.txt,,
a007358.3.txt,,
a007358.sp100.txt,,
a007358visir8.visir.txt,,
a007397.2.txt,,
a007397.spfit.2.txt,,
a007402.2.txt,,
a007402.spfit.2.txt,,
a007404.2.txt,,
a007404.spfit.2.txt,,
a007405.2.txt,,
a007405.spfit.2.txt,,
a007451.2.txt,,
a007451.spfit.2.txt,,
a007468.sp117.txt,,
a007472.sp93.txt,,
a007474.1.txt,,
a007480.8.txt,,
a007482.8.txt,,
a007482.sp72.txt,,
a007512.2.txt,,
a007512.spfit.2.txt,,
a007562.2.txt,,
a007562.spfit.2.txt,,
a007564.2.txt,,
a007564.spfit.2.txt,,
a007604.2.txt,,
a007604.spfit.2.txt,,
a007728.2.txt,,
a007728.spfit.2.txt,,
a007745.sp125n2.txt,,
a007753.7.txt,,
a007753.sp121n1.txt,,
a007763.2.txt,,
a007763.spfit.2.txt,,
a007817.2.txt,,
a007817.spfit.2.txt,,
a007822.8.txt,,
a007822.dm20n1.txt,,
a007888.8.txt,,
a007888.dm15.txt,,
a007889.3.txt,,
a007889.sp71.txt,,
a007889.sp72.txt,,
a007889visir8.visir.txt,,
a007977.8.txt,,
a008008.2.txt,,
a008008.spfit.2.txt,,
a008014.sp126.txt,,
a008037.as68.txt,,
a008176.1.txt,,
a008176.8.txt,,
a008201.4.txt,,
a008306.sp124.txt,,
a008333.2.txt,,
a008333.spfit.2.txt,,
a008334.2.txt,,
a008334.spfit.2.txt,,
a008373.as68.txt,,
a008444.sp25.txt,,
a008450.2.txt,,
a008450.spfit.2.txt,,
a008513.2.txt,,
a008513.spfit.2.txt,,
a008516.2.txt,,
a008516.spfit.2.txt,,
a008566.8.txt,,
a008567.sp104.txt,,
a008567.sp44.txt,,
a008567.sp48.txt,,
a008567.sp73.txt,,
a008567.sp74.txt,,
a008651.as68.txt,,
a009068.sp122.txt,,
a009082.as68.txt,,
a009400.8.txt,,
a009400.sp106.txt,,
a009400.sp215.txt,,
a009950.sp125n1.txt,,
a009969.4.txt,,
a009970.2.txt,,
a009970.spfit.2.txt,,
a009983.sp119n2.txt,,
a009992.sp50.txt,,
a010115.3.txt,,
a010115.sp55.txt,,
a010115ir8.ir.txt,,
a010165.8.txt,,
a010195.sp56.txt,,
a010199.2.txt,,
a010199.spfit.2.txt,,
a010295.sp119n2.txt,,
a010302.4.txt,,
a010302.sp112p2.txt,,
a010473.2.txt,,
a010473.spfit.2.txt,,
a010504.2.txt,,
a010504.spfit.2.txt,,
a010563.8.txt,,
a011066.1.txt,,
a011066.sp88.txt,,
a011089.as68.txt,,
a011284.sp117.txt,,
a011311.8.txt,,
a011318.dm22.txt,,
a011398.3.txt,,
a011398.sp68.txt,,
a011398visir8.visir.txt,,
a011405.3.txt,,
a011405visir8.visir.txt,,
a011500.8.txt,,
a011500.sp65.txt,,
a011785.2.txt,,
a011785.spfit.2.txt,,
a011885.sp98.txt,,
a011906.2.txt,,
a011906.spfit.2.txt,,
a012281.2.txt,,
a012281.spfit.2.txt,,
a012538.sp204n1.txt,,
a012538ir8.ir.txt,,
a012711visir8.visir.txt,,
a012923.sp92.txt,,
a012923ir8.ir.txt,,
a013551.sp215.txt,,
a013553.sp44.txt,,
a013651visir8.visir.txt,,
a013791.sp58.txt,,
a014222.sp93.txt,,
a014390.sp108.txt,,
a014390.sp122.txt,,
a014402.sp78.txt,,
a014402visir8.visir.txt,,
a015107.sp117.txt,,
a015745.8.txt,,
a015745.sp82.txt,,
a015817.8.txt,,
a016064.4.txt,,
a016657.8.txt,,
a016834.4.txt,,
a016834.sp77.txt,,
a016834.sp84.txt,,
a016960.8.txt,,
a016960.sp73.txt,,
a016960.sp74.txt,,
a017107.sp93.txt,,
a017188.sp121n2.txt,,
a017188.sp122.txt,,
a017274.8.txt,,
a017274.sp02.txt,,
a017274.sp83.txt,,
a017288.sp119n2.txt,,
a017414.as68.txt,,
a017480.2.txt,,
a017480.spfit.2.txt,,
a017511.8.txt,,
a017511.sp126.txt,,
a018054.as68.txt,,
a018106.sp02.txt,,
a018172.sp02.txt,,
a018514.2.txt,,
a018514.spfit.2.txt,,
a018620.dm19n1.txt,,
a018736.8.txt,,
a018736.sp03.txt,,
a018882.4.txt,,
a019127.sp25.txt,,
a019356.8.txt,,
a019356.9.txt,,
a019356.sp03.txt,,
a019652.sp108.txt,,
a019764.sp93.txt,,
a020043.4.txt,,
a020086.sp100.txt,,
a020255visir8.visir.txt,,
a020425.8.txt,,
a020429.sp03.txt,,
a020439.sp117.txt,,
a020708.4.txt,,
a020786.sp25.txt,,
a020786.sp80.txt,,
a020786.sp81.txt,,
a020790.8.txt,,
a020790.sp03.txt,,
a020826.8.txt,,
a021238.sp53.txt,,
a021809.sp112p2.txt,,
a022099ir8.ir.txt,,
a022753.sp19.txt,,
a022753.sp36.txt,,
a022771.8.txt,,
a022771.sp26.txt,,
a022959.sp97.txt,,
a023183.sp49.txt,,
a023187.sp05.txt,,
a023187.sp98.txt,,
a023548.8.txt,,
a024445.as67.txt,,
a024445.sp25.txt,,
a024475.8.txt,,
a024475.sp05.txt,,
a024475.sp105.txt,,
a024761.sp87.txt,,
a025143.5.txt,,
a025143model.5.txt,,
a025330.8.txt,,
a025330.sp19.txt,,
a025916.sp55.txt,,
a025916.sp93.txt,,
a026858.sp60.txt,,
a027268.sp113n1.txt,,
a030825.sp36.txt,,
a031345visir8.visir.txt,,
a031346ir8.ir.txt,,
a031669.sp12.txt,,
a032906.8.txt,,
a032906.sp105.txt,,
a033342.sp213.txt,,
a033342.sp214.txt,,
a033745.sp99.txt,,
a034931.sp121n2.txt,,
a035107.sp20.txt,,
a035107.sp71.txt,,
a035107visir8.visir.txt,,
a035396.7.txt,,
a035670.8.txt,,
a036017.sp203.txt,,
a036284.8.txt,,
a036284.sp11.txt,,
a036284.sp97.txt,,
a037336.8.txt,,
a037336.sp100.txt,,
a037384.sp69.txt,,
a038707.sp120n2.txt,,
a039565.sp125n1.txt,,
a039572.sp73.txt,,
a040310ir8.ir.txt,,
a042946.dm20n2.txt,,
a042946.sp117.txt,,
a045610.sp113n2.txt,,
a047581.sp44.txt,,
a048049.sp120n2.txt,,
a048603.8.txt,,
a052750.sp30.txt,,
a052760.dm16.txt,,
a052760.sp123.txt,,
a052762.sp115n4.txt,,
a052762.sp117.txt,,
a052762.sp122.txt,,
a052768.sp79.txt,,
a053233.sp58.txt,,
a053319.sp70.txt,,
a053424.sp115n2.txt,,
a053426.dm20n2.txt,,
a053430.sp76.txt,,
a053435.sp55.txt,,
a054041.sp115n4.txt,,
a054789.sp21.txt,,
a054789.sp87.txt,,
a054789.sp89.txt,,
a060716.sp111.txt,,
a063164.sp25.txt,,
a065660.as67.txt,,
a065679.sp94.txt,,
a065733.sp125n2.txt,,
a065784.sp45.txt,,
a065996.sp23.txt,,
a066146.sp25.txt,,
a066146.sp74.txt,,
a066146.sp93.txt,,
a066146.sp94.txt,,
a066251.sp44.txt,,
a066251.sp45.txt,,
a066251.sp46.txt,,
a067865.as67.txt,,
a068063.sp204n1.txt,,
a068216.sp89.txt,,
a068278.sp26.txt,,
a068359.sp67.txt,,
a068548.sp204n1.txt,,
a068950.sp52.txt,,
a069230.9.txt,,
a069230.sp26.txt,,
a074096.sp125n2.txt,,
a077578.sp120n2.txt,,
a084480.sp110.txt,,
a085236.sp76.txt,,
a085275.sp61.txt,,
a085709.sp50.txt,,
a085713.sp55.txt,,
a085804.sp205.txt,,
a085818.sp91.txt,,
a085839.sp89.txt,,
a085867.as68.txt,,
a085989.sp92.txt,,
a085990.sp130.txt,,
a085990.sp215.txt,,
a086039.sp59.txt,,
a086212.sp55.txt,,
a086324.sp67.txt,,
a086667.sp107.txt,,
a088254.sp89.txt,,
a088604.sp121n1.txt,,
a088710.sp125n2.txt,,
a089959.sp98.txt,,
a090075.sp202.txt,,
a090403.sp67.txt,,
a090416.sp207.txt,,
a096189.sp121n1.txt,,
a096315.sp118n2.txt,,
a096590.sp96.txt,,
a099248.sp204n1.txt,,
a099799.sp105.txt,,
a099907.sp114n1.txt,,
a099907.sp114n2.txt,,
a099907.sp65.txt,,
a099935.sp67.txt,,
a099942.sp116.txt,,
a099942.sp117.txt,,
a099942subm.sp35.txt,,
a100926.sp94.txt,,
a101703.sp125n1.txt,,
a102528.sp74.txt,,
a103001.as67.txt,,
a103067.sp87.txt,,
a111114.sp120n2.txt,,
a125739.sp201n1.txt,,
a131045.as68.txt,,
a134746.sp207.txt,,
a136923.sp102.txt,,
a136993.sp113n2.txt,,
a137032.sp74.txt,,
a137126.sp124.txt,,
a137170.sp98.txt,,
a137199.sp116.txt,,
a137199.sp120n2.txt,,
a137799.sp103.txt,,
a137924.sp207.txt,,
a138404.sp93.txt,,
a138524.dm03.txt,,
a138524.sp101.txt,,
a138524.sp102.txt,,
a138852.dm19n1.txt,,
a138883.sp84.txt,,
a138937.sp214.txt,,
a138947.dm19n2.txt,,
a138971.as68.txt,,
a139622.sp58.txt,,
a140039.sp123.txt,,
a141018.dm07.txt,,
a141052.sp77.txt,,
a141432.sp99.txt,,
a143487.sp84.txt,,
a143624.as67.txt,,
a143624.sp201n1.txt,,
a143651.sp79.txt,,
a143651.sp80.txt,,
a145656.sp61.txt,,
a152558.sp93.txt,,
a152627.sp124.txt,,
a152664.sp84.txt,,
a152754.sp107.txt,,
a152756.sp120n1.txt,,
a152931.sp89.txt,,
a153591.sp66.txt,,
a153591.sp68.txt,,
a153814.sp94.txt,,
a153958.sp110.txt,,
a154007.sp110.txt,,
a154029.sp93.txt,,
a154244.sp81.txt,,
a154302.sp104.txt,,
a154347.sp115n4.txt,,
a154715.sp96.txt,,
a154807.sp211.txt,,
a154807.sp215.txt,,
a155110.dm22.txt,,
a155334.sp112p2.txt,,
a156015.dm22.txt,,
a159402.sp84.txt,,
a159493.sp65.txt,,
a159504.sp209.txt,,
a159504.sp213.txt,,
a159504.sp214.txt,,
a159533.sp203.txt,,
a161998.sp92.txt,,
a162000.as68.txt,,
a162117.sp64.txt,,
a162483.sp82.txt,,
a162566.sp125n2.txt,,
a162900.sp76.txt,,
a162911.sp114n1.txt,,
a163000.sp212.txt,,
a163000.sp73.txt,,
a163081.sp102.txt,,
a163081.sp103.txt,,
a163243.dm07.txt,,
a163249.sp121n1.txt,,
a163250.sp97.txt,,
a163364.sp121n1.txt,,
a163364.sp122.txt,,
a163696.sp214.txt,,
a163697.sp83.txt,,
a163732.as67.txt,,
a163899.sp213.txt,,
a163899.sp214.txt,,
a164400.sp73.txt,,
a164670.dm19n1.txt,,
a168378.sp125n2.txt,,
a168381.dm18.txt,,
a168889.as67.txt,,
a169675.sp100.txt,,
a170502.dm04.txt,,
a170891.sp66.txt,,
a171730.sp204n1.txt,,
a173689.sp71.txt,,
a175706.dm04.txt,,
a175706.sp79.txt,,
a175706.sp80.txt,,
a185851.sp74.txt,,
a187828.sp211.txt,,
a189494.as67.txt,,
a190208.dm19n2.txt,,
a192563.sp115n4.txt,,
a194268.sp212.txt,,
a194386.sp214.txt,,
a203471.sp115n2.txt,,
a205640.sp203.txt,,
a206378.sp209.txt,,
a206910.sp78.txt,,
a207945.sp80.txt,,
a210482.as67.txt,,
a210669.sp215.txt,,
a214088.sp204n1.txt,,
a214869.sp112p2.txt,,
a214869.sp113n2.txt,,
a217796.sp85.txt,,
a217807.sp85.txt,,
a218863.sp89.txt,,
a219071.sp104.txt,,
a229007.sp88.txt,,
a234061.sp91.txt,,
a237442.sp91.txt,,
a241662.sp92.txt,,
a241676.sp203.txt,,
a242187.as67.txt,,
a242643.sp120n1.txt,,
a243147.sp122.txt,,
a248083.sp94.txt,,
a251346.sp125n2.txt,,
a251346.sp126.txt,,
a253841.sp97.txt,,
a260141.sp99.txt,,
a262623.sp116.txt,,
a267494.sp100.txt,,
a267729.sp98.txt,,
a269690.sp125n2.txt,,
a274138.sp99.txt,,
a274855.sp120n2.txt,,
a275611.sp202.txt,,
a276397.sp110.txt,,
a277127.sp115n2.txt,,
a277475.sp123.txt,,
a281396.dm20n1.txt,,
a283319.dm19n2.txt,,
a283377.dm19n1.txt,,
a283460.sp102.txt,,
a285263.sp119n2.txt,,
a285263.sp120n1.txt,,
a285263.sp121n1.txt,,
a285263.sp121n2.txt,,
a285263.sp122.txt,,
a285263.sp123.txt,,
a289315.sp105.txt,,
a294739.sp122.txt,,
a294739.sp209.txt,,
a297274.sp108.txt,,
a297418.sp103.txt,,
a306453.dm19n1.txt,,
a306453.sp207.txt,,
a310442.as68.txt,,
a311554.sp207.txt,,
a312473.sp106.txt,,
a312473.sp107.txt,,
a313591.sp203.txt,,
a316934.dm19n1.txt,,
a317699.sp210.txt,,
a324387.sp215.txt,,
a326732.dm10.txt,,
a326732.sp110.txt,,
a326732.sp112p2.txt,,
a329291.sp110.txt,,
a329338.sp114n1.txt,,
a329437.as67.txt,,
a329437.sp124.txt,,
a329520.sp112p2.txt,,
a329614.sp110.txt,,
a330825.dm11.txt,,
a333889.dm20n1.txt,,
a337866.sp215.txt,,
a343098.sp117.txt,,
a345705.sp115n1.txt,,
a348400.dm22.txt,,
a348400.sp209.txt,,
a348400.sp211.txt,,
a354952.sp123.txt,,
a359592.sp120n2.txt,,
a360191.sp120n1.txt,,
a360433.sp125n2.txt,,
a361123.sp122.txt,,
a363019.dm19n1.txt,,
a363218.sp214.txt,,
a363505.dm19n1.txt,,
a368664.sp125n1.txt,,
a376246.sp206.txt,,
a377052.dm22.txt,,
a380981.sp209.txt,,
a381906.sp214.txt,,
a382758.as67.txt,,
a385186.sp209.txt,,
a389694.sp210.txt,,
a399307.sp202.txt,,
a403049.sp204n1.txt,,
a409995.dm19n1.txt,,
a410088.sp205.txt,,
a410195.sp203.txt,,
a410777.sp212.txt,,
a410778.sp202.txt,,
a412976.dm19n2.txt,,
a413577.dm22.txt,,
a416071.sp209.txt,,
a416151.sp207.txt,,
a422686.sp206.txt,,
a437975.dm20n2.txt,,
a438071.sp211.txt,,
a438419.sp209.txt,,
a440022.sp211.txt,,
a443892.dm22.txt,,
au1950DA.sp03.txt,,
au1977VA.sp44.txt,,
au1978CA.sp21.txt,,
au1983TA.sp45.txt,,
au1989UQ.7.txt,,
au1989VA.8.txt,,
au1989VA.sp19.txt,,
au1990ua.sp103.txt,,
au1991BN.8.txt,,
au1991VH.3.txt,,
au1991XB.1.txt,,
au1991tf3.sp102.txt,,
au1992BF.3.txt,,
au1992BF.7.txt,,
au1992BFvisir8.visir.txt,,
au1992BL2.sp03.txt,,
au1992NA.1.txt,,
au1992SY.sp20.txt,,
au1992UB.1.txt,,
au1993OM7.sp20.txt,,
au1993QP.sp01.txt,,
au1993TQ2.8.txt,,
au1993UC.sp119n1.txt,,
au1994AB1.8.txt,,
au1994AW1.8.txt,,
au1994TF2.8.txt,,
au1994XD.sp115n2.txt,,
au1994ck1.sp105.txt,,
au1995BM2.2.txt,,
au1995BM2.spfit.2.txt,,
au1995WL8.8.txt,,
au1995WQ5.2.txt,,
au1995WQ5.spfit.2.txt,,
au1996BZ3.8.txt,,
au1996FG3.4.txt,,
au1996FQ3.8.txt,,
au1996GT.7.txt,,
au1996PC1.sp08.txt,,
au1996PW.2.txt,,
au1996PW.spfit.2.txt,,
au1996UK.2.txt,,
au1996UK.spfit.2.txt,,
au1996VC.2.txt,,
au1996VC.spfit.2.txt,,
au1997AC11.8.txt,,
au1997AE12.sp26.txt,,
au1997AQ18.8.txt,,
au1997BQ.3.txt,,
au1997BQvisir8.visir.txt,,
au1997BR.3.txt,,
au1997CZ5.2.txt,,
au1997CZ5.3.txt,,
au1997CZ5.spfit.2.txt,,
au1997CZ5visir8.visir.txt,,
au1997GL3.8.txt,,
au1997RD1.2.txt,,
au1997RD1.spfit.2.txt,,
au1997RT.3.txt,,
au1997RTvisir8.visir.txt,,
au1997SE5.8.txt,,
au1997TT25.8.txt,,
au1997UH9.8.txt,,
au1997US9.8.txt,,
au1997VM4.dm19n2.txt,,
au1998BB10.4.txt,,
au1998BE7.sp73.txt,,
au1998BG9.4.txt,,
au1998BM10.4.txt,,
au1998BT13.4.txt,,
au1998FG2.sp26.txt,,
au1998FM5.3.txt,,
au1998FM5visir8.visir.txt,,
au1998FX2.3.txt,,
au1998GL10.dm19n2.txt,,
au1998HT31.3.txt,,
au1998HT31ir8.ir.txt,,
au1998KM3.sp100.txt,,
au1998KU2.3.txt,,
au1998KU2visir8.visir.txt,,
au1998MQ.8.txt,,
au1998MW5.3.txt,,
au1998MW5.4.txt,,
au1998PB1.3.txt,,
au1998PG.3.txt,,
au1998QR15.3.txt,,
au1998QR15visir8.visir.txt,,
au1998RO1.sp17.txt,,
au1998SG2.8.txt,,
au1998SJ70.sp74.txt,,
au1998ST49.4.txt,,
au1998ST49.sp45.txt,,
au1998UO1.sp19.txt,,
au1998UO1.sp31.txt,,
au1998UO1.sp32.txt,,
au1998UP1.8.txt,,
au1998UP1.sp02.txt,,
au1998UT18.4.txt,,
au1998VO33.8.txt,,
au1998VR.8.txt,,
au1998WM.8.txt,,
au1998WM.sp19.txt,,
au1998WP5.4.txt,,
au1998WS.2.txt,,
au1998WS.spfit.2.txt,,
au1998WT7.sp204n1.txt,,
au1998WZ6.8.txt,,
au1998XB.3.txt,,
au1998XBir8.ir.txt,,
au1998XM4.8.txt,,
au1998he3.sp108.txt,,
au1998vf32.sp86.txt,,
au1999AQ10.3.txt,,
au1999AQ10ir8.ir.txt,,
au1999CF9.3.txt,,
au1999CF9.4.txt,,
au1999CV8.8.txt,,
au1999CW8.8.txt,,
au1999DB2.8.txt,,
au1999DJ4.3.txt,,
au1999DJ4.4.txt,,
au1999DY2.8.txt,,
au1999EE5.8.txt,,
au1999FA.7.txt,,
au1999FB.8.txt,,
au1999FK21.8.txt,,
au1999FN19.7.txt,,
au1999GJ4.4.txt,,
au1999GK4.3.txt,,
au1999HF1.3.txt,,
au1999HF1.sp13.txt,,
au1999HF1.sp17.txt,,
au1999HF1.sp38.txt,,
au1999HF1ir8.ir.txt,,
au1999JD6.3.txt,,
au1999JD6.4.txt,,
au1999JE1.4.txt,,
au1999JM8ir8.ir.txt,,
au1999JO8.4.txt,,
au1999JU3.4.txt,,
au1999JV3.3.txt,,
au1999JV3.4.txt,,
au1999JV6.4.txt,,
au1999KU4.3.txt,,
au1999KW4.3.txt,,
au1999KW4.sp06.txt,,
au1999KW4ir8.ir.txt,,
au1999LF6.sp32.txt,,
au1999NC43visir8.visir.txt,,
au1999ND43.4.txt,,
au1999OP3.sp20.txt,,
au1999RB32.4.txt,,
au1999RQ36.sp44.txt,,
au1999SE10.4.txt,,
au1999SK10.4.txt,,
au1999TX16.4.txt,,
au1999VM40.4.txt,,
au1999VN6.4.txt,,
au1999VQ5.4.txt,,
au1999WK13.4.txt,,
au1999XO35.4.txt,,
au1999YB.4.txt,,
au1999YD.4.txt,,
au1999YF3.4.txt,,
au1999YG3.4.txt,,
au1999YK5.4.txt,,
au1999xp35.sp105.txt,,
au2000AC6.4.txt,,
au2000AD205.sp71.txt,,
au2000AE205.4.txt,,
au2000AH205.4.txt,,
au2000AX93.4.txt,,
au2000AZ93.sp96.txt,,
au2000BD19.sp03.txt,,
au2000BG19visir8.visir.txt,,
au2000BJ19.8.txt,,
au2000BM19.7.txt,,
au2000CE59.8.txt,,
au2000CH59.sp67.txt,,
au2000CK33.8.txt,,
au2000CK33.sp03.txt,,
au2000CN33.8.txt,,
au2000CO101visir8.visir.txt,,
au2000CQ101.sp59.txt,,
au2000DO1visir8.visir.txt,,
au2000DO8ir8.ir.txt,,
au2000DP107.sp02.txt,,
au2000EA107.8.txt,,
au2000ED104.sp17.txt,,
au2000EE104.sp05.txt,,
au2000EZ148ir8.ir.txt,,
au2000GD2.8.txt,,
au2000GD2.sp11.txt,,
au2000GF2.sp25.txt,,
au2000GJ147ir8.ir.txt,,
au2000GK137.8.txt,,
au2000GK137.sp02.txt,,
au2000GO82ir8.ir.txt,,
au2000GR146ir8.ir.txt,,
au2000GU127ir8.ir.txt,,
au2000GV127ir8.ir.txt,,
au2000JG5ir8.ir.txt,,
au2000JQ66.8.txt,,
au2000JS66.sp29.txt,,
au2000KL33.8.txt,,
au2000MU1.8.txt,,
au2000NM.8.txt,,
au2000OG8.sp02.txt,,
au2000OJ8.8.txt,,
au2000PG3.8.txt,,
au2000PG3.sp01.txt,,
au2000QW7.sp01.txt,,
au2000RL77.sp32.txt,,
au2000RW37.8.txt,,
au2000SA10.sp02.txt,,
au2000SB1.sp56.txt,,
au2000SB8.sp02.txt,,
au2000SL.sp12.txt,,
au2000SP43.sp02.txt,,
au2000SS164.sp03.txt,,
au2000SV20.sp02.txt,,
au2000SY162.8.txt,,
au2000SY2.sp30.txt,,
au2000TU28.sp94.txt,,
au2000WC67.8.txt,,
au2000WF6.8.txt,,
au2000WJ10.8.txt,,
au2000WJ63.8.txt,,
au2000WK10.8.txt,,
au2000WL10.8.txt,,
au2000WL63.8.txt,,
au2000WL63.sp115n4.txt,,
au2000WM63.8.txt,,
au2000WO107.8.txt,,
au2000XH44.sp27.txt,,
au2000XH44.sp28.txt,,
au2000XL44.8.txt,,
au2000XL44.sp03.txt,,
au2000YA.8.txt,,
au2000YF29.7.txt,,
au2000YH66.8.txt,,
au2000YM29.sp58.txt,,
au2000YO29.8.txt,,
au2000co101.sp84.txt,,
au2000ej37.sp102.txt,,
au2000sp43.sp102.txt,,
au2001AE2.7.txt,,
au2001BE10.sp03.txt,,
au2001CC21.7.txt,,
au2001CC21.sp33.txt,,
au2001CP36.sp04.txt,,
au2001DU8.8.txt,,
au2001EB.8.txt,,
au2001EB.sp05.txt,,
au2001EC.8.txt,,
au2001FA1.sp05.txt,,
au2001FO32.sp05.txt,,
au2001FY.8.txt,,
au2001HA8.8.txt,,
au2001HK31.8.txt,,
au2001HW15.8.txt,,
au2001JM1.8.txt,,
au2001JV1.8.txt,,
au2001KA67.sp06.txt,,
au2001KP41.sp06.txt,,
au2001LF.sp23.txt,,
au2001ME1.sp06.txt,,
au2001MF1.8.txt,,
au2001MQ3.sp07.txt,,
au2001OE84.8.txt,,
au2001PD1.8.txt,,
au2001PT9.sp88.txt,,
au2001QA143.8.txt,,
au2001QP181.sp100.txt,,
au2001QP181.sp99.txt,,
au2001QQ142.8.txt,,
au2001RY47.sp64.txt,,
au2001SE170.sp33.txt,,
au2001SG10.7.txt,,
au2001SG286.7.txt,,
au2001SJ262.8.txt,,
au2001SK162.7.txt,,
au2001TC45.8.txt,,
au2001TX16.8.txt,,
au2001TY44.8.txt,,
au2001UA5.8.txt,,
au2001UC5.8.txt,,
au2001UU92.8.txt,,
au2001UY4.8.txt,,
au2001UZ16.sp211.txt,,
au2001VG5.8.txt,,
au2001VS78.8.txt,,
au2001VS78.sp11.txt,,
au2001VS78.sp12.txt,,
au2001WA25.8.txt,,
au2001WG2.8.txt,,
au2001WH2.8.txt,,
au2001WL15.8.txt,,
au2001XN254.8.txt,,
au2001XN254.sp12.txt,,
au2001XP1.sp57.txt,,
au2001XR1.8.txt,,
au2001XS1.8.txt,,
au2001XS30.8.txt,,
au2001XT4.sp211.txt,,
au2001XU30.8.txt,,
au2001XY10.8.txt,,
au2001YE1.8.txt,,
au2001YK4.8.txt,,
au2001YM2.sp115n3.txt,,
au2001lb.dm08.txt,,
au2001rb12.sp210.txt,,
au2001sz269.sp107.txt,,
au2001ye4.sp105.txt,,
au2002AA.8.txt,,
au2002AA.sp09.txt,,
au2002AD9.8.txt,,
au2002AH29.8.txt,,
au2002AK14.8.txt,,
au2002AL14.8.txt,,
au2002AL14.sp27.txt,,
au2002AL31.7.txt,,
au2002AQ2.8.txt,,
au2002AT4.7.txt,,
au2002AU5.8.txt,,
au2002AV.8.txt,,
au2002AV.sp09.txt,,
au2002AY1.sp116.txt,,
au2002BA1.8.txt,,
au2002BK25.8.txt,,
au2002BM26.8.txt,,
au2002BP26.8.txt,,
au2002CD.sp38.txt,,
au2002CS11.8.txt,,
au2002CT46.8.txt,,
au2002DH2.8.txt,,
au2002DO3.8.txt,,
au2002DQ3.7.txt,,
au2002DU3.7.txt,,
au2002DY3.8.txt,,
au2002EA.8.txt,,
au2002EC.8.txt,,
au2002EQ9.sp59.txt,,
au2002GJ103.sp26.txt,,
au2002GO5.sp12.txt,,
au2002HK12.sp17.txt,,
au2002JR9.sp121n2.txt,,
au2002NX18.sp19.txt,,
au2002NY40.sp16.txt,,
au2002QE15.sp17.txt,,
au2002QH10.sp17.txt,,
au2002RS28.sp19.txt,,
au2002RX211.sp46.txt,,
au2002SV.sp64.txt,,
au2002SY50.sp19.txt,,
au2002XO14.sp20.txt,,
au2002lv.sp81.txt,,
au2002lv.sp82.txt,,
au2002tr190.sp113n2.txt,,
au2003AJ73.sp21.txt,,
au2003CJ11.sp59.txt,,
au2003ED50.sp21.txt,,
au2003EG16.sp201n1.txt,,
au2003FT3.sp23.txt,,
au2003GW.sp118n2.txt,,
au2003LC5.sp23.txt,,
au2003MJ4.sp92.txt,,
au2003MT9.sp61.txt,,
au2003QQ10.as67.txt,,
au2003RL10.sp26.txt,,
au2003RS1.as67.txt,,
au2003SD220.sp57.txt,,
au2003UC20.sp115n2.txt,,
au2003UV11.sp94.txt,,
au2003UV11.sp95.txt,,
au2003WN188.as68.txt,,
au2003WT42.as68.txt,,
au2003WX25.sp126.txt,,
au2003WY25.as68.txt,,
au2003XM.as68.txt,,
au2003YH111.as68.txt,,
au2003YK118.sp27.txt,,
au2003YQ117.sp51.txt,,
au2003YX1.as68.txt,,
au2003fh.sp104.txt,,
au2003ua31.sp113n2.txt,,
au2003wh166.sp108.txt,,
au2004EM66.sp99.txt,,
au2004EW.sp36.txt,,
au2004EW9.sp31.txt,,
au2004FH11.sp31.txt,,
au2004FN18.sp45.txt,,
au2004JA27.sp33.txt,,
au2004MN4.sp35.txt,,
au2004OB.sp35.txt,,
au2004QD3.sp36.txt,,
au2004QT24.sp39.txt,,
au2004RN9.sp31.txt,,
au2004TP1.sp33.txt,,
au2004VC.sp79.txt,,
au2004VG64.sp46.txt,,
au2004VW14.sp69.txt,,
au2004XL14.sp57.txt,,
au2004YZ23.sp42.txt,,
au2004qj7.sp103.txt,,
au2005AB.sp38.txt,,
au2005AT42.sp40.txt,,
au2005CK38.sp37.txt,,
au2005DD.sp117.txt,,
au2005ED318.sp40.txt,,
au2005ED318.sp92.txt,,
au2005EM30.sp118n1.txt,,
au2005GO22.sp38.txt,,
au2005GQ21.sp113n1.txt,,
au2005GR33.sp38.txt,,
au2005GU.sp39.txt,,
au2005JB.sp40.txt,,
au2005JE46.sp48.txt,,
au2005JE46n1.sp47.txt,,
au2005JE46n2.sp47.txt,,
au2005JR5.sp40.txt,,
au2005NA56.sp206.txt,,
au2005NB7.sp69.txt,,
au2005ND7.sp43.txt,,
au2005NZ6.sp120n1.txt,,
au2005QE166.sp47.txt,,
au2005QP87.sp44.txt,,
au2005TS15.sp119n1.txt,,
au2005TU45.sp72.txt,,
au2005UL5.sp47.txt,,
au2005WX.sp48.txt,,
au2005XU77.sp94.txt,,
au2005YU55.sp90.txt,,
au2005lw7.sp210.txt,,
au2005rq6.sp85.txt,,
au2006AO4.sp123.txt,,
au2006BN55.sp49.txt,,
au2006EE1.sp88.txt,,
au2006FJ9.sp120n1.txt,,
au2006HQ30.sp51.txt,,
au2006HU30.sp126.txt,,
au2006HY51.sp50.txt,,
au2006JF42.sp99.txt,,
au2006NL.sp122.txt,,
au2006NM.sp53.txt,,
au2006RG2.sp55.txt,,
au2006RZ.sp54.txt,,
au2006SZ217.sp76.txt,,
au2006UC185.sp55.txt,,
au2006UL217.sp56.txt,,
au2006UM.sp56.txt,,
au2006UN216.sp57.txt,,
au2006VB14.sp76.txt,,
au2006VQ13.sp56.txt,,
au2006VV2.sp59.txt,,
au2006WS3.sp57.txt,,
au2006YT13.sp117.txt,,
au2006cf.sp110.txt,,
au2006mj10.sp105.txt,,
au2006uy64.sp212.txt,,
au2006vy13.sp105.txt,,
au2006vy13.sp106.txt,,
au2006vy13.sp107.txt,,
au2007BT2.sp79.txt,,
au2007BZ72.sp215.txt,,
au2007CN26.sp124.txt,,
au2007DL41.sp203.txt,,
au2007DT103n1.sp62.txt,,
au2007DT103n2.sp62.txt,,
au2007EC.sp205.txt,,
au2007FV42.sp61.txt,,
au2007LL.sp71.txt,,
au2007PF28.sp62.txt,,
au2007RF5.sp64.txt,,
au2007RU17.sp94.txt,,
au2007SG11.sp64.txt,,
au2007VR183.sp70.txt,,
au2007XY9.sp122.txt,,
au2007le.dm08.txt,,
au2007lr32.sp63.txt,,
au2007pu11.sp63.txt,,
au2008AF4.sp67.txt,,
au2008CL1.sp68.txt,,
au2008DE.sp70.txt,,
au2008ED8.sp68.txt,,
au2008FU6.sp98.txt,,
au2008HB38.sp125n1.txt,,
au2008HS3.sp70.txt,,
au2008HW1.sp70.txt,,
au2008JT35.sp72.txt,,
au2008OB9.sp201n1.txt,,
au2008OB9.sp202.txt,,
au2008QS11.sp74.txt,,
au2008RG1.sp201n1.txt,,
au2008SQ1.sp75.txt,,
au2008SV11.sp79.txt,,
au2008UE7.sp76.txt,,
au2008US4.sp75.txt,,
au2008VF.sp204n1.txt,,
au2008WD14.sp76.txt,,
au2009BL2.sp120n1.txt,,
au2009DV42.sp116.txt,,
au2009SQ104.sp120n1.txt,,
au2009UM3.sp118n2.txt,,
au2009UM3.sp119n2.txt,,
au2009UN3.sp88.txt,,
au2009UV18.sp87.txt,,
au2009XZ1.sp128.txt,,
au2009av.sp101.txt,,
au2009kc3.sp84.txt,,
au2009qj9.sp83.txt,,
au2010BB.sp116.txt,,
au2010CC180.sp89.txt,,
au2010CF19.sp124.txt,,
au2010CL19.sp127.txt,,
au2010CM44.sp90.txt,,
au2010LY63.sp93.txt,,
au2010MR.sp201n1.txt,,
au2010RF12.sp93.txt,,
au2010RX30.sp93.txt,,
au2010SL13.sp129.txt,,
au2010TD54.sp94.txt,,
au2010TN54.dm16.txt,,
au2010TN54.sp123.txt,,
au2010UX95.sp124.txt,,
au2010VA1.sp119n1.txt,,
au2010XY72.sp208.txt,,
au2010XZ67.sp128.txt,,
au2010kx7.sp108.txt,,
au2010pr66.sp209.txt,,
au2011BE38.sp98.txt,,
au2011BT15.dm17.txt,,
au2011EZ78.sp100.txt,,
au2011WK15.sp205.txt,,
au2011WN15.sp214.txt,,
au2011WU95.sp120n1.txt,,
au2011YS62.sp213.txt,,
au2011ga55.sp101.txt,,
au2011lj19.sp102.txt,,
au2011ov4.sp101.txt,,
au2011ps.dm03.txt,,
au2011pt1.sp102.txt,,
au2011sl102.sp105.txt,,
au2011sr5.sp102.txt,,
au2011sr69.sp104.txt,,
au2011tn9.sp103.txt,,
au2011wv134.sp109.txt,,
au2011ya.sp105.txt,,
au2011yv15.sp107.txt,,
au2012ER14.sp125n1.txt,,
au2012QE50.sp112p2.txt,,
au2012QE50.sp113n1.txt,,
au2012QG42.sp112p1.txt,,
au2012QG42.sp112p2.txt,,
au2012RV16.sp113n1.txt,,
au2012TC4.sp113n1.txt,,
au2012TS.sp125n1.txt,,
au2012XH112.sp115n3.txt,,
au2012XJ134.sp115n3.txt,,
au2012XQ55.sp115n2.txt,,
au2012aa11.sp106.txt,,
au2012aa11.sp107.txt,,
au2012dh4.dm07.txt,,
au2012fy23.sp107.txt,,
au2012kp24.sp109.txt,,
au2012kt42.sp109.txt,,
au2012lz1.sp109.txt,,
au2012nj.sp110.txt,,
au2012oq.sp110.txt,,
au2012qv2.sp111.txt,,
au2012rm15.dm11.txt,,
au2012sg32.sp210.txt,,
au2012tm139.sp209.txt,,
au2012tm139.sp210.txt,,
au2013AH11.sp116.txt,,
au2013AT72.sp117.txt,,
au2013BK18.sp206.txt,,
au2013BO76.sp123.txt,,
au2013ED68.sp118n2.txt,,
au2013EO126.sp119n1.txt,,
au2013FY13.sp119n1.txt,,
au2013HG20.sp124.txt,,
au2013HT15.sp120n2.txt,,
au2013JR28.sp121n1.txt,,
au2013KL6.sp121n1.txt,,
au2013NJ.sp127.txt,,
au2013PJ10.sp123.txt,,
au2013PS13.sp123.txt,,
au2013QJ10.sp124.txt,,
au2013RH74.sp125n1.txt,,
au2013SU24.sp125n2.txt,,
au2013SW24.sp125n1.txt,,
au2013UQ4.sp126.txt,,
au2013XY8.sp127.txt,,
au2014EK24.sp207.txt,,
au2014EK24.sp215.txt,,
au2014HF177.sp201n1.txt,,
au2014HR178.sp203.txt,,
au2014NE63.sp201n1.txt,,
au2014PL51.sp202.txt,,
au2014PR62.sp201n1.txt,,
au2014QK434.sp205.txt,,
au2014QO33.sp201n1.txt,,
au2014RC.sp201n2.txt,,
au2014RL12.sp205.txt,,
au2014SF304.sp202.txt,,
au2014SS1.sp202.txt,,
au2014UF206.sp205.txt,,
au2014UR.sp203.txt,,
au2014VH2.dm19n2.txt,,
au2014VQ.sp204n1.txt,,
au2014WF201.sp204n1.txt,,
au2014WQ201.dm19n2.txt,,
au2014WZ120.sp204n1.txt,,
au2014YM9.sp206.txt,,
au2015AZ43.sp206.txt,,
au2015BC.sp205.txt,,
au2015BF92.sp206.txt,,
au2015DB.sp207.txt,,
au2015OL35.sp211.txt,,
au2015SV2.sp214.txt,,
au2015SZ.sp211.txt,,
au2015WH9.sp215.txt,,
au2015jj2.sp209.txt,,
au2015jy1.sp209.txt,,
au2015rf36.sp210.txt,,
au2015sy.sp210.txt,,
au2015ta25.dm22.txt,,
